 copy of in:
 0  0000  0000z  woutb                                                                                                               
 &nam_par                                                                                                                            
  maxstp=1000, ndump=1000, nprint=100, ndiag=100, lplots=8, itime=2, dt0=2.0, nonlin=0,                                              
  mj=1000, lmax=29, leqmax=21, ni=499, nis=251, ne=250, delta=0.25, rc=0.625, fti=0.95, fte=0.95,                                    
  difnr_on=0, stdifp=0.0, stdifu=0.0, stdifv=0.0, eps=0.1, bet0=0.01, etascl=1.0, reta=0.5, eta0=1.0, etalmb=0.5, ietaeq=1,          
  s=5.e6, gamma=0.0, ipert=1, pertscl=1.0, m0dy=0, nocpl=0, xle=1.0, omcy=31.76, bet0_f=0.03, stdifnf=0.0, stdifvf=0.0, stdifnalp=0.0
  ext_prof=1, ext_prof_name='Data.txt', epflr_on=0, r_epflr=0.01, alpha_on=0, iflr_on=0, iflr=0.01, LcA0=2.718, LcA1=-1.311, LcA2=0.8
  Adens=7.0, Bdens=0.1, twofl_on=0, dpres=0.35, bet0_alp=0.05, Adensalp=7.0, Bdensalp=0.2, LcA0alp=2.718, LcA1alp=-1.311, LcA2alp=0.8
  omegar=0.031, ieldamp_on=0, omcyb=0.01, rbound=0.002, trapped_on=0, betath_factor=1.0, spe1=1, spe2=4, EP_dens_on=0,               
  EP_vel_on=0, Alpha_dens_on=0, Alpha_vel_on=0, DIIID_u=0, Eq_vel_on=1, Eq_velp_on=0, q_prof_on=1, deltaq=0.0, deltaiota=0.0, Eq_Pres
  Eq_Presstot_on=0, Edge_on=0, edge_p=990, Auto_grid_on=1, nopsievol_on=0, noprevol_on=0, nonfevol_on=0, nonalpevol_on=0,            
  src_sink_th_on=0, src_sink_EP1_on=0, src_sink_EP2_on=0, src_sink_DIIID_on=0, src_sink_ITER_on=0, rsrc=0.45, wsrc=0.2, asrc=0.0,    
  rsrc_EP1=0.45, wsrc_EP1=0.2, asrc_EP1=0.0, rsrc_EP2=0.45, wsrc_EP2=0.2, asrc_EP2=0.0, AWfctr=100.0, Nfctr=10.0, AWfctr_dif=100.0, R
 /                                                                                                                                   
 &nam_arr                                                                                                                            
  mm=4,3,2,1,-4,-3,-2,-1,-10,-9,-8,-7,-6,-5,-4,-3,-2,-1,0,1,2,3,4,5,6,7,8,9,10                                                       
  nn=4*1,4*-1,21*0                                                                                                                   
  mmeq=-10,-9,-8,-7,-6,-5,-4,-3,-2,-1,0,1,2,3,4,5,6,7,8,9,10                                                                         
  nneq=21*0                                                                                                                          
  widthi=1.e-140                                                                                                                     
  cnep=5.349622177242649E-01,-8.158145079082755E-01,9.051313827341806E+00,-9.908622794510921E+01,5.436130071633405E+02,-1.68358866247
  ctep=2.466297479423131E+00,-3.123519794977899E+00,1.455166487731591E+01,-8.288042333625850E+01,3.310397776819081E+02,-9.89103093527
  cvep=5.349622177242649E-01,-8.158145079082755E-01,9.051313827341806E+00,-9.908622794510921E+01,5.436130071633405E+02,-1.68358866247
  cnfp=0.3,0.1,0.1,0.0,0.0,0.0,0.0,0.0,0.0,0.0,0.0                                                                                   
  cvfp=0.32,0.0,0.0,0.0,0.0,0.0,0.0,0.0,0.0,0.0,0.0                                                                                  
  cnfpalp=5.349622177242649E-01,-8.158145079082755E-01,9.051313827341806E+00,-9.908622794510921E+01,5.436130071633405E+02,-1.68358866
  cvfpalp=0.32,0.0,0.0,0.0,0.0,0.0,0.0,0.0,0.0,0.0,0.0                                                                               
  eqvt=0.0,0.0,0.0,0.0,0.0,0.0,0.0,0.0,0.0,0.0,0.0                                                                                   
  eqvp=0.0,0.0,0.0,0.0,0.0,0.0,0.0,0.0,0.0,0.0,0.0                                                                                   
  srcsinkth=0.0,0.0,0.0,0.0,0.0,0.0,0.0,0.0,0.0,0.0,0.0                                                                              
  srcsinkEP1=0.0,0.0,0.0,0.0,0.0,0.0,0.0,0.0,0.0,0.0,0.0                                                                             
  srcsinkEP2=0.0,0.0,0.0,0.0,0.0,0.0,0.0,0.0,0.0,0.0,0.0                                                                             
 /                                                                                                                                   

 time = 21:31:31       date = 09/09/2026


lln=
        4    3    2    1    8    7    6    5

R_0 = 1.720338E+00 B0 = 1.987900E+00 eps= 4.625675E-01
External Profiles: omgcya =  25.4716 betalf =   0.0047 bet00 =   0.0107
vthi =   0.0499 vthe =   2.7813 vtor0 =   1.0654
bt0 =  2.00381E+00 rmajr =   1.6435 rminr =   0.6275
va0 =   6.1937338E+06 pres_beam0 =   7.4503000E+00
Conversion factor from code frequency to kHz:   5.9981341E+02

bst is modified for    0 resonant modes


**************************************************** 2D equilibrium ***************************************************

************************************************** toroidal geometry **************************************************

******************************************************** linear *******************************************************


control:
numrun  =     00000 numruno =     0000z numruns =     00000 nstep   =         0 maxstp  =      1000 nonlin  =         0
ndump   =      1000 nprint  =       100 ndiag   =       100 lplots  =         8 itime   =         2 dt0     = 2.000E+00

numhist =   fs0000   

domain:
mj      =      1000  grid with evenly spaced points
lmax    =        29 leqmax  =        21 mmin    =       -10 mmax    =        10 nmin    =        -1 nmax    =         1
mmineq  =       -10 mmaxeq  =        10 nmineq  =         0 nmaxeq  =         0 l0      =        19 leq0    =        11

equil:
eq name:  woutb   ext prof name:  Data.txt
ext_prof        = 1 alpha_on        = 0 trapped_on      = 0 EP_dens_on      = 0
R0      =  1.720338 B0      =  1.987900 eps     =  0.462567 bet0    = 1.565E-02 bet0_f  = 3.000E-02 omcy    = 3.176E+01
DIIID_u         = 0 q_prof_on       = 1 EP_vel_on       = 0 Alpha_vel_on    = 0 Eq_presseq_on   = 0 Eq_presstot_on  = 0
Eq_vel_on       = 1 Eq_velp_on      = 0 spe1            = 1 spe2            = 4
Edge_on =         0 edge_p  =       990

dynamo:
s       = 5.000E+06 ietaeq  =         1 etascl  = 1.000E+00 eta0    = 1.000E+00 reta    = 0.5000000 etalmb  = 5.000E-01
gamma   = 0.000E+00 LcA0    = 2.718E+00 LcA1    =-1.311E+00 LcA2    = 8.890E-01 LcA3    = 1.077E+00 omegar  = 3.100E-02
epflr_on=         0 r_epflr = 1.000E-02 iflr_on =         0 iflr    = 1.000E-02 twofl_on=         0 dpres   = 3.500E-01
B_par_on=         0
ieldamp_on =      0 uion    = 2.000E+00 xnuelc0 = 0.000E+00
m0dy    =         0 ipert   =         1 pertscl = 1.000E+00 xle     = 1.000E+00 dt      = 2.000E+00 time    = 0.000E+00
difnr_on=         0 stdifp  = 0.000E+00 stdifu  = 0.000E+00 stdifv  = 0.000E+00 stdifnf = 0.000E+00 stdifvf = 0.000E+00
nopsievol_on    = 0 noprevol_on     = 0 nonfevol_on     = 0 nonalpevol_on   = 0
src_sink_th_on  = 0 src_sink_EP1_on = 0 src_sink_EP2_on = 0 src_sink_DIIID  = 0 src_sink_ITER   = 0
asrc    = 0.000E+00 rsrc    = 4.500E-01 wsrc    = 2.000E-01 asrc_EP1= 0.000E+00 rsrc_EP1= 4.500E-01 wsrc_EP1= 2.000E-01

ll(m,n)
  10     0  29   0
   9     0  28   0
   8     0  27   0
   7     0  26   0
   6     0  25   0
   5     0  24   0
   4     0  23   1
   3     0  22   2
   2     0  21   3
   1     0  20   4
   0     0  19   0
  -1     8  18   0
  -2     7  17   0
  -3     6  16   0
  -4     5  15   0
  -5     0  14   0
  -6     0  13   0
  -7     0  12   0
  -8     0  11   0
  -9     0  10   0
 -10     0   9   0
   m/n  -1   0   1

helicities
   lh   mh   nh
    1    4    1
    2    3    1
    3    2    1
    4    1    1
    5    1    0
    6    0    0

    l   mm   nn          signl             rs         widthi         gammai
    1    4    1              1        0.75388      7.071-141      0.000E+00
    2    3    1              1        0.36344      0.000E+00      0.000E+00
    3    2    1              1        0.50000      0.000E+00      0.000E+00
    4    1    1              1        0.50000      0.000E+00      0.000E+00
    5   -4   -1             -1        0.75388      7.071-141      0.000E+00
    6   -3   -1             -1        0.36344      0.000E+00      0.000E+00
    7   -2   -1             -1        0.50000      0.000E+00      0.000E+00
    8   -1   -1             -1        0.50000      0.000E+00      0.000E+00
    9  -10    0             -1        0.00000      0.000E+00      0.000E+00
   10   -9    0             -1        0.00000      0.000E+00      0.000E+00
   11   -8    0             -1        0.00000      0.000E+00      0.000E+00
   12   -7    0             -1        0.00000      0.000E+00      0.000E+00
   13   -6    0             -1        0.00000      0.000E+00      0.000E+00
   14   -5    0             -1        0.00000      0.000E+00      0.000E+00
   15   -4    0             -1        0.00000      0.000E+00      0.000E+00
   16   -3    0             -1        0.00000      0.000E+00      0.000E+00
   17   -2    0             -1        0.00000      0.000E+00      0.000E+00
   18   -1    0             -1        0.00000      0.000E+00      0.000E+00
   19    0    0              0        0.00000      0.000E+00      0.000E+00
   20    1    0              1        0.00000      0.000E+00      0.000E+00
   21    2    0              1        0.00000      0.000E+00      0.000E+00
   22    3    0              1        0.00000      0.000E+00      0.000E+00
   23    4    0              1        0.00000      0.000E+00      0.000E+00
   24    5    0              1        0.00000      0.000E+00      0.000E+00
   25    6    0              1        0.00000      0.000E+00      0.000E+00
   26    7    0              1        0.00000      0.000E+00      0.000E+00
   27    8    0              1        0.00000      0.000E+00      0.000E+00
   28    9    0              1        0.00000      0.000E+00      0.000E+00
   29   10    0              1        0.00000      0.000E+00      0.000E+00

lleq(m,n)
 10     21
  9     20
  8     19
  7     18
  6     17
  5     16
  4     15
  3     14
  2     13
  1     12
  0     11
 -1     10
 -2      9
 -3      8
 -4      7
 -5      6
 -6      5
 -7      4
 -8      3
 -9      2
-10      1
meq/neq  0

eq helicities
 lheq mheq nheq
    1    1    0
    2    0    0

  leq mmeq nneq         sgnleq
    1  -10    0             -1
    2   -9    0             -1
    3   -8    0             -1
    4   -7    0             -1
    5   -6    0             -1
    6   -5    0             -1
    7   -4    0             -1
    8   -3    0             -1
    9   -2    0             -1
   10   -1    0             -1
   11    0    0              0
   12    1    0              1
   13    2    0              1
   14    3    0              1
   15    4    0              1
   16    5    0              1
   17    6    0              1
   18    7    0              1
   19    8    0              1
   20    9    0              1
   21   10    0              1

  linear matrix mode entries: lmaxn,lln-    8
                                            4    3    2    1    8    7    6    5

           r            q            J            I         preq       denseq         teeq         nfeq        vfova          eta
  0.00000000  3.44474E+00  1.00000E+00  0.00000E+00  1.00000E+00  1.00000E+00  1.00000E+00  9.96962E-01  2.26983E-01  1.00000E+00
  0.00100000  3.44474E+00  1.00000E+00 -6.71623E-08  9.99997E-01  1.00000E+00  9.99996E-01  9.96958E-01  2.26983E-01  1.00001E+00
  0.00200000  3.44472E+00  1.00000E+00 -2.68650E-07  9.99990E-01  9.99999E-01  9.99984E-01  9.96943E-01  2.26983E-01  1.00005E+00
  0.00300000  3.44470E+00  1.00000E+00 -6.04468E-07  9.99977E-01  9.99997E-01  9.99964E-01  9.96918E-01  2.26983E-01  1.00012E+00
  0.00400000  3.44467E+00  1.00000E+00 -1.07462E-06  9.99960E-01  9.99995E-01  9.99936E-01  9.96884E-01  2.26983E-01  1.00021E+00
  0.00500000  3.44463E+00  1.00000E+00 -1.67912E-06  9.99937E-01  9.99992E-01  9.99901E-01  9.96841E-01  2.26983E-01  1.00033E+00
  0.00600000  3.44459E+00  1.00000E+00 -2.41797E-06  9.99909E-01  9.99989E-01  9.99857E-01  9.96790E-01  2.26983E-01  1.00048E+00
  0.00700000  3.44453E+00  1.00000E+00 -3.29119E-06  9.99876E-01  9.99985E-01  9.99805E-01  9.96730E-01  2.26983E-01  1.00065E+00
  0.00800000  3.44446E+00  1.00000E+00 -4.29879E-06  9.99838E-01  9.99981E-01  9.99746E-01  9.96662E-01  2.26983E-01  1.00085E+00
  0.00900000  3.44439E+00  1.00000E+00 -5.44079E-06  9.99795E-01  9.99975E-01  9.99679E-01  9.96587E-01  2.26983E-01  1.00107E+00
  0.01000000  3.44431E+00  1.00000E+00 -6.71721E-06  9.99747E-01  9.99969E-01  9.99603E-01  9.96506E-01  2.26983E-01  1.00132E+00
  0.01100000  3.44422E+00  1.00000E+00 -8.12808E-06  9.99694E-01  9.99963E-01  9.99520E-01  9.96419E-01  2.26982E-01  1.00159E+00
  0.01200000  3.44412E+00  1.00000E+00 -9.67341E-06  9.99636E-01  9.99956E-01  9.99430E-01  9.96327E-01  2.26981E-01  1.00189E+00
  0.01300000  3.44401E+00  1.00000E+00 -1.13532E-05  9.99573E-01  9.99948E-01  9.99331E-01  9.96230E-01  2.26980E-01  1.00221E+00
  0.01400000  3.44390E+00  1.00000E+00 -1.31676E-05  9.99505E-01  9.99940E-01  9.99225E-01  9.96128E-01  2.26978E-01  1.00255E+00
  0.01500000  3.44377E+00  1.00000E+00 -1.51165E-05  9.99432E-01  9.99930E-01  9.99111E-01  9.96023E-01  2.26976E-01  1.00292E+00
  0.01600000  3.44364E+00  1.00000E+00 -1.72000E-05  9.99353E-01  9.99921E-01  9.98989E-01  9.95913E-01  2.26974E-01  1.00331E+00
  0.01700000  3.44350E+00  1.00000E+00 -1.94182E-05  9.99270E-01  9.99910E-01  9.98860E-01  9.95799E-01  2.26971E-01  1.00373E+00
  0.01800000  3.44335E+00  1.00000E+00 -2.17710E-05  9.99181E-01  9.99899E-01  9.98723E-01  9.95680E-01  2.26968E-01  1.00417E+00
  0.01900000  3.44319E+00  1.00000E+00 -2.42585E-05  9.99088E-01  9.99887E-01  9.98578E-01  9.95556E-01  2.26965E-01  1.00463E+00
  0.02000000  3.44302E+00  1.00000E+00 -2.68808E-05  9.98989E-01  9.99875E-01  9.98426E-01  9.95425E-01  2.26962E-01  1.00512E+00
  0.02100000  3.44284E+00  1.00000E+00 -2.96379E-05  9.98886E-01  9.99862E-01  9.98266E-01  9.95286E-01  2.26959E-01  1.00562E+00
  0.02200000  3.44266E+00  1.00000E+00 -3.25298E-05  9.98777E-01  9.99848E-01  9.98098E-01  9.95139E-01  2.26956E-01  1.00615E+00
  0.02300000  3.44247E+00  1.00000E+00 -3.55566E-05  9.98663E-01  9.99834E-01  9.97923E-01  9.94983E-01  2.26954E-01  1.00671E+00
  0.02400000  3.44227E+00  1.00000E+00 -3.87184E-05  9.98545E-01  9.99819E-01  9.97741E-01  9.94819E-01  2.26951E-01  1.00728E+00
  0.02500000  3.44206E+00  1.00000E+00 -4.20152E-05  9.98421E-01  9.99803E-01  9.97551E-01  9.94647E-01  2.26949E-01  1.00788E+00
  0.02600000  3.44184E+00  1.00000E+00 -4.54471E-05  9.98292E-01  9.99787E-01  9.97353E-01  9.94466E-01  2.26947E-01  1.00850E+00
  0.02700000  3.44162E+00  1.00000E+00 -4.90141E-05  9.98158E-01  9.99770E-01  9.97149E-01  9.94276E-01  2.26945E-01  1.00914E+00
  0.02800000  3.44138E+00  1.00000E+00 -5.27162E-05  9.98019E-01  9.99753E-01  9.96936E-01  9.94078E-01  2.26944E-01  1.00980E+00
  0.02900000  3.44114E+00  1.00000E+00 -5.65537E-05  9.97875E-01  9.99735E-01  9.96717E-01  9.93871E-01  2.26943E-01  1.01049E+00
  0.03000000  3.44089E+00  1.00000E+00 -6.05265E-05  9.97726E-01  9.99716E-01  9.96490E-01  9.93656E-01  2.26942E-01  1.01119E+00
  0.03100000  3.44063E+00  1.00000E+00 -6.46347E-05  9.97572E-01  9.99697E-01  9.96256E-01  9.93434E-01  2.26941E-01  1.01191E+00
  0.03200000  3.44036E+00  1.00000E+00 -6.88783E-05  9.97413E-01  9.99677E-01  9.96015E-01  9.93203E-01  2.26941E-01  1.01266E+00
  0.03300000  3.44009E+00  1.00000E+00 -7.32575E-05  9.97249E-01  9.99657E-01  9.95766E-01  9.92964E-01  2.26941E-01  1.01342E+00
  0.03400000  3.43980E+00  1.00000E+00 -7.77723E-05  9.97079E-01  9.99636E-01  9.95510E-01  9.92718E-01  2.26941E-01  1.01421E+00
  0.03500000  3.43951E+00  1.00000E+00 -8.24228E-05  9.96905E-01  9.99615E-01  9.95247E-01  9.92465E-01  2.26941E-01  1.01501E+00
  0.03600000  3.43921E+00  1.00000E+00 -8.72091E-05  9.96726E-01  9.99592E-01  9.94977E-01  9.92205E-01  2.26942E-01  1.01584E+00
  0.03700000  3.43890E+00  1.00000E+00 -9.21313E-05  9.96541E-01  9.99569E-01  9.94700E-01  9.91938E-01  2.26943E-01  1.01668E+00
  0.03800000  3.43858E+00  1.00000E+00 -9.71894E-05  9.96352E-01  9.99546E-01  9.94416E-01  9.91665E-01  2.26944E-01  1.01754E+00
  0.03900000  3.43825E+00  1.00000E+00 -1.02384E-04  9.96157E-01  9.99522E-01  9.94125E-01  9.91387E-01  2.26945E-01  1.01843E+00
  0.04000000  3.43792E+00  1.00000E+00 -1.07714E-04  9.95958E-01  9.99497E-01  9.93826E-01  9.91104E-01  2.26947E-01  1.01933E+00
  0.04100000  3.43758E+00  1.00000E+00 -1.13181E-04  9.95753E-01  9.99471E-01  9.93521E-01  9.90817E-01  2.26948E-01  1.02025E+00
  0.04200000  3.43723E+00  1.00000E+00 -1.18783E-04  9.95543E-01  9.99444E-01  9.93209E-01  9.90526E-01  2.26949E-01  1.02119E+00
  0.04300000  3.43687E+00  1.00000E+00 -1.24523E-04  9.95329E-01  9.99417E-01  9.92889E-01  9.90232E-01  2.26951E-01  1.02214E+00
  0.04400000  3.43650E+00  1.00000E+00 -1.30399E-04  9.95109E-01  9.99389E-01  9.92563E-01  9.89935E-01  2.26952E-01  1.02312E+00
  0.04500000  3.43613E+00  1.00000E+00 -1.36411E-04  9.94884E-01  9.99360E-01  9.92229E-01  9.89637E-01  2.26953E-01  1.02411E+00
  0.04600000  3.43575E+00  1.00000E+00 -1.42560E-04  9.94654E-01  9.99331E-01  9.91889E-01  9.89339E-01  2.26953E-01  1.02512E+00
  0.04700000  3.43536E+00  1.00000E+00 -1.48846E-04  9.94419E-01  9.99301E-01  9.91542E-01  9.89040E-01  2.26954E-01  1.02615E+00
  0.04800000  3.43496E+00  1.00000E+00 -1.55269E-04  9.94179E-01  9.99270E-01  9.91188E-01  9.88743E-01  2.26953E-01  1.02719E+00
  0.04900000  3.43455E+00  1.00000E+00 -1.61829E-04  9.93934E-01  9.99239E-01  9.90827E-01  9.88448E-01  2.26953E-01  1.02825E+00
  0.05000000  3.43414E+00  1.00000E+00 -1.68527E-04  9.93684E-01  9.99207E-01  9.90458E-01  9.88157E-01  2.26951E-01  1.02933E+00
  0.05100000  3.43372E+00  1.00000E+00 -1.75361E-04  9.93429E-01  9.99175E-01  9.90084E-01  9.87870E-01  2.26949E-01  1.03042E+00
  0.05200000  3.43329E+00  1.00000E+00 -1.82333E-04  9.93169E-01  9.99142E-01  9.89702E-01  9.87587E-01  2.26946E-01  1.03153E+00
  0.05300000  3.43286E+00  1.00000E+00 -1.89443E-04  9.92904E-01  9.99108E-01  9.89313E-01  9.87307E-01  2.26943E-01  1.03266E+00
  0.05400000  3.43241E+00  1.00000E+00 -1.96690E-04  9.92634E-01  9.99074E-01  9.88918E-01  9.87030E-01  2.26939E-01  1.03380E+00
  0.05500000  3.43196E+00  1.00000E+00 -2.04075E-04  9.92358E-01  9.99039E-01  9.88515E-01  9.86754E-01  2.26935E-01  1.03495E+00
  0.05600000  3.43151E+00  1.00000E+00 -2.11598E-04  9.92078E-01  9.99004E-01  9.88106E-01  9.86479E-01  2.26930E-01  1.03612E+00
  0.05700000  3.43104E+00  1.00000E+00 -2.19259E-04  9.91793E-01  9.98968E-01  9.87691E-01  9.86203E-01  2.26925E-01  1.03731E+00
  0.05800000  3.43057E+00  1.00000E+00 -2.27058E-04  9.91502E-01  9.98931E-01  9.87268E-01  9.85924E-01  2.26921E-01  1.03851E+00
  0.05900000  3.43009E+00  1.00000E+00 -2.34996E-04  9.91207E-01  9.98894E-01  9.86839E-01  9.85642E-01  2.26916E-01  1.03973E+00
  0.06000000  3.42961E+00  1.00000E+00 -2.43072E-04  9.90906E-01  9.98856E-01  9.86404E-01  9.85353E-01  2.26912E-01  1.04096E+00
  0.06100000  3.42912E+00  1.00000E+00 -2.51287E-04  9.90601E-01  9.98817E-01  9.85962E-01  9.85057E-01  2.26909E-01  1.04221E+00
  0.06200000  3.42862E+00  1.00000E+00 -2.59640E-04  9.90290E-01  9.98778E-01  9.85513E-01  9.84756E-01  2.26907E-01  1.04347E+00
  0.06300000  3.42812E+00  1.00000E+00 -2.68132E-04  9.89974E-01  9.98738E-01  9.85058E-01  9.84450E-01  2.26904E-01  1.04475E+00
  0.06400000  3.42761E+00  1.00000E+00 -2.76764E-04  9.89654E-01  9.98697E-01  9.84597E-01  9.84143E-01  2.26902E-01  1.04604E+00
  0.06500000  3.42709E+00  1.00000E+00 -2.85534E-04  9.89328E-01  9.98655E-01  9.84129E-01  9.83838E-01  2.26900E-01  1.04735E+00
  0.06600000  3.42657E+00  1.00000E+00 -2.94444E-04  9.88997E-01  9.98612E-01  9.83654E-01  9.83536E-01  2.26897E-01  1.04866E+00
  0.06700000  3.42604E+00  1.00000E+00 -3.03494E-04  9.88662E-01  9.98569E-01  9.83173E-01  9.83241E-01  2.26893E-01  1.05000E+00
  0.06800000  3.42551E+00  1.00000E+00 -3.12683E-04  9.88321E-01  9.98525E-01  9.82686E-01  9.82956E-01  2.26888E-01  1.05134E+00
  0.06900000  3.42497E+00  1.00000E+00 -3.22012E-04  9.87975E-01  9.98481E-01  9.82192E-01  9.82685E-01  2.26882E-01  1.05270E+00
  0.07000000  3.42442E+00  1.00000E+00 -3.31481E-04  9.87624E-01  9.98435E-01  9.81692E-01  9.82432E-01  2.26874E-01  1.05406E+00
  0.07100000  3.42387E+00  1.00000E+00 -3.41090E-04  9.87268E-01  9.98389E-01  9.81186E-01  9.82199E-01  2.26864E-01  1.05544E+00
  0.07200000  3.42331E+00  1.00000E+00 -3.50840E-04  9.86907E-01  9.98343E-01  9.80674E-01  9.81986E-01  2.26851E-01  1.05683E+00
  0.07300000  3.42275E+00  1.00000E+00 -3.60730E-04  9.86541E-01  9.98296E-01  9.80155E-01  9.81790E-01  2.26837E-01  1.05824E+00
  0.07400000  3.42219E+00  1.00000E+00 -3.70760E-04  9.86170E-01  9.98248E-01  9.79629E-01  9.81609E-01  2.26821E-01  1.05965E+00
  0.07500000  3.42162E+00  1.00000E+00 -3.80932E-04  9.85794E-01  9.98199E-01  9.79098E-01  9.81440E-01  2.26805E-01  1.06107E+00
  0.07600000  3.42105E+00  1.00000E+00 -3.91244E-04  9.85413E-01  9.98150E-01  9.78560E-01  9.81280E-01  2.26787E-01  1.06250E+00
  0.07700000  3.42047E+00  1.00000E+00 -4.01698E-04  9.85027E-01  9.98100E-01  9.78016E-01  9.81126E-01  2.26769E-01  1.06395E+00
  0.07800000  3.41989E+00  1.00000E+00 -4.12293E-04  9.84636E-01  9.98050E-01  9.77466E-01  9.80973E-01  2.26750E-01  1.06541E+00
  0.07900000  3.41931E+00  1.00000E+00 -4.23030E-04  9.84240E-01  9.97999E-01  9.76910E-01  9.80819E-01  2.26732E-01  1.06688E+00
  0.08000000  3.41872E+00  1.00000E+00 -4.33909E-04  9.83839E-01  9.97947E-01  9.76347E-01  9.80658E-01  2.26715E-01  1.06836E+00
  0.08100000  3.41813E+00  1.00000E+00 -4.44929E-04  9.83433E-01  9.97895E-01  9.75779E-01  9.80488E-01  2.26699E-01  1.06985E+00
  0.08200000  3.41754E+00  1.00000E+00 -4.56092E-04  9.83022E-01  9.97842E-01  9.75204E-01  9.80310E-01  2.26684E-01  1.07135E+00
  0.08300000  3.41695E+00  1.00000E+00 -4.67397E-04  9.82606E-01  9.97789E-01  9.74623E-01  9.80127E-01  2.26670E-01  1.07287E+00
  0.08400000  3.41636E+00  1.00000E+00 -4.78844E-04  9.82185E-01  9.97735E-01  9.74036E-01  9.79943E-01  2.26656E-01  1.07439E+00
  0.08500000  3.41576E+00  1.00000E+00 -4.90434E-04  9.81759E-01  9.97680E-01  9.73442E-01  9.79762E-01  2.26642E-01  1.07593E+00
  0.08600000  3.41516E+00  1.00000E+00 -5.02167E-04  9.81328E-01  9.97624E-01  9.72843E-01  9.79587E-01  2.26627E-01  1.07747E+00
  0.08700000  3.41456E+00  1.00000E+00 -5.14044E-04  9.80892E-01  9.97568E-01  9.72238E-01  9.79422E-01  2.26612E-01  1.07903E+00
  0.08800000  3.41396E+00  1.00000E+00 -5.26063E-04  9.80451E-01  9.97511E-01  9.71627E-01  9.79273E-01  2.26596E-01  1.08059E+00
  0.08900000  3.41335E+00  1.00000E+00 -5.38226E-04  9.80004E-01  9.97454E-01  9.71010E-01  9.79143E-01  2.26577E-01  1.08216E+00
  0.09000000  3.41274E+00  1.00000E+00 -5.50533E-04  9.79553E-01  9.97395E-01  9.70387E-01  9.79039E-01  2.26556E-01  1.08374E+00
  0.09100000  3.41213E+00  1.00000E+00 -5.62984E-04  9.79097E-01  9.97336E-01  9.69758E-01  9.78963E-01  2.26533E-01  1.08532E+00
  0.09200000  3.41151E+00  1.00000E+00 -5.75579E-04  9.78636E-01  9.97276E-01  9.69124E-01  9.78915E-01  2.26506E-01  1.08691E+00
  0.09300000  3.41089E+00  1.00000E+00 -5.88319E-04  9.78170E-01  9.97215E-01  9.68483E-01  9.78890E-01  2.26478E-01  1.08851E+00
  0.09400000  3.41027E+00  1.00000E+00 -6.01203E-04  9.77699E-01  9.97154E-01  9.67837E-01  9.78887E-01  2.26448E-01  1.09012E+00
  0.09500000  3.40964E+00  1.00000E+00 -6.14232E-04  9.77224E-01  9.97092E-01  9.67185E-01  9.78900E-01  2.26416E-01  1.09173E+00
  0.09600000  3.40901E+00  1.00000E+00 -6.27406E-04  9.76743E-01  9.97029E-01  9.66528E-01  9.78926E-01  2.26383E-01  1.09336E+00
  0.09700000  3.40837E+00  1.00000E+00 -6.40725E-04  9.76257E-01  9.96965E-01  9.65864E-01  9.78961E-01  2.26349E-01  1.09499E+00
  0.09800000  3.40773E+00  1.00000E+00 -6.54190E-04  9.75766E-01  9.96901E-01  9.65195E-01  9.79000E-01  2.26315E-01  1.09663E+00
  0.09900000  3.40708E+00  1.00000E+00 -6.67801E-04  9.75270E-01  9.96836E-01  9.64521E-01  9.79038E-01  2.26281E-01  1.09827E+00
  0.10000000  3.40642E+00  1.00000E+00 -6.81557E-04  9.74770E-01  9.96770E-01  9.63841E-01  9.79069E-01  2.26249E-01  1.09993E+00
  0.10100000  3.40575E+00  1.00000E+00 -6.95460E-04  9.74264E-01  9.96704E-01  9.63155E-01  9.79091E-01  2.26217E-01  1.10160E+00
  0.10200000  3.40508E+00  1.00000E+00 -7.09510E-04  9.73753E-01  9.96637E-01  9.62463E-01  9.79103E-01  2.26187E-01  1.10328E+00
  0.10300000  3.40439E+00  1.00000E+00 -7.23706E-04  9.73238E-01  9.96569E-01  9.61766E-01  9.79111E-01  2.26157E-01  1.10497E+00
  0.10400000  3.40370E+00  1.00000E+00 -7.38049E-04  9.72718E-01  9.96501E-01  9.61063E-01  9.79116E-01  2.26128E-01  1.10667E+00
  0.10500000  3.40299E+00  1.00000E+00 -7.52539E-04  9.72192E-01  9.96432E-01  9.60355E-01  9.79122E-01  2.26099E-01  1.10838E+00
  0.10600000  3.40227E+00  1.00000E+00 -7.67176E-04  9.71662E-01  9.96363E-01  9.59641E-01  9.79134E-01  2.26070E-01  1.11009E+00
  0.10700000  3.40153E+00  1.00000E+00 -7.81962E-04  9.71127E-01  9.96292E-01  9.58922E-01  9.79154E-01  2.26040E-01  1.11182E+00
  0.10800000  3.40078E+00  1.00000E+00 -7.96895E-04  9.70587E-01  9.96221E-01  9.58197E-01  9.79189E-01  2.26009E-01  1.11355E+00
  0.10900000  3.40002E+00  1.00000E+00 -8.11976E-04  9.70042E-01  9.96150E-01  9.57467E-01  9.79241E-01  2.25975E-01  1.11530E+00
  0.11000000  3.39924E+00  1.00000E+00 -8.27206E-04  9.69492E-01  9.96077E-01  9.56732E-01  9.79315E-01  2.25940E-01  1.11705E+00
  0.11100000  3.39844E+00  1.00000E+00 -8.42585E-04  9.68937E-01  9.96004E-01  9.55991E-01  9.79416E-01  2.25902E-01  1.11880E+00
  0.11200000  3.39762E+00  1.00000E+00 -8.58113E-04  9.68377E-01  9.95931E-01  9.55245E-01  9.79541E-01  2.25862E-01  1.12057E+00
  0.11300000  3.39679E+00  1.00000E+00 -8.73790E-04  9.67812E-01  9.95856E-01  9.54493E-01  9.79687E-01  2.25819E-01  1.12234E+00
  0.11400000  3.39593E+00  9.99999E-01 -8.89616E-04  9.67242E-01  9.95781E-01  9.53736E-01  9.79852E-01  2.25775E-01  1.12412E+00
  0.11500000  3.39505E+00  9.99999E-01 -9.05592E-04  9.66668E-01  9.95705E-01  9.52974E-01  9.80030E-01  2.25729E-01  1.12591E+00
  0.11600000  3.39414E+00  9.99999E-01 -9.21718E-04  9.66088E-01  9.95629E-01  9.52206E-01  9.80220E-01  2.25683E-01  1.12771E+00
  0.11700000  3.39322E+00  9.99999E-01 -9.37995E-04  9.65504E-01  9.95551E-01  9.51434E-01  9.80416E-01  2.25635E-01  1.12952E+00
  0.11800000  3.39227E+00  9.99999E-01 -9.54422E-04  9.64915E-01  9.95473E-01  9.50656E-01  9.80614E-01  2.25588E-01  1.13134E+00
  0.11900000  3.39129E+00  9.99998E-01 -9.71000E-04  9.64321E-01  9.95394E-01  9.49873E-01  9.80811E-01  2.25541E-01  1.13317E+00
  0.12000000  3.39028E+00  9.99998E-01 -9.87730E-04  9.63722E-01  9.95315E-01  9.49084E-01  9.81002E-01  2.25495E-01  1.13500E+00
  0.12100000  3.38924E+00  9.99998E-01 -1.00461E-03  9.63118E-01  9.95235E-01  9.48291E-01  9.81182E-01  2.25449E-01  1.13685E+00
  0.12200000  3.38818E+00  9.99998E-01 -1.02164E-03  9.62509E-01  9.95154E-01  9.47492E-01  9.81354E-01  2.25405E-01  1.13871E+00
  0.12300000  3.38709E+00  9.99997E-01 -1.03883E-03  9.61895E-01  9.95072E-01  9.46689E-01  9.81519E-01  2.25362E-01  1.14058E+00
  0.12400000  3.38597E+00  9.99997E-01 -1.05616E-03  9.61276E-01  9.94990E-01  9.45880E-01  9.81682E-01  2.25319E-01  1.14247E+00
  0.12500000  3.38483E+00  9.99997E-01 -1.07365E-03  9.60653E-01  9.94907E-01  9.45066E-01  9.81844E-01  2.25275E-01  1.14436E+00
  0.12600000  3.38366E+00  9.99997E-01 -1.09130E-03  9.60024E-01  9.94824E-01  9.44247E-01  9.82010E-01  2.25232E-01  1.14626E+00
  0.12700000  3.38247E+00  9.99997E-01 -1.10909E-03  9.59391E-01  9.94739E-01  9.43423E-01  9.82183E-01  2.25188E-01  1.14817E+00
  0.12800000  3.38126E+00  9.99996E-01 -1.12704E-03  9.58753E-01  9.94654E-01  9.42594E-01  9.82365E-01  2.25143E-01  1.15009E+00
  0.12900000  3.38002E+00  9.99996E-01 -1.14514E-03  9.58110E-01  9.94569E-01  9.41761E-01  9.82561E-01  2.25097E-01  1.15202E+00
  0.13000000  3.37877E+00  9.99996E-01 -1.16340E-03  9.57462E-01  9.94482E-01  9.40922E-01  9.82775E-01  2.25048E-01  1.15395E+00
  0.13100000  3.37750E+00  9.99996E-01 -1.18181E-03  9.56809E-01  9.94395E-01  9.40078E-01  9.83009E-01  2.24998E-01  1.15590E+00
  0.13200000  3.37621E+00  9.99996E-01 -1.20038E-03  9.56151E-01  9.94307E-01  9.39230E-01  9.83263E-01  2.24945E-01  1.15785E+00
  0.13300000  3.37490E+00  9.99995E-01 -1.21910E-03  9.55489E-01  9.94219E-01  9.38376E-01  9.83533E-01  2.24891E-01  1.15982E+00
  0.13400000  3.37358E+00  9.99995E-01 -1.23798E-03  9.54821E-01  9.94130E-01  9.37518E-01  9.83817E-01  2.24835E-01  1.16179E+00
  0.13500000  3.37224E+00  9.99995E-01 -1.25701E-03  9.54149E-01  9.94040E-01  9.36655E-01  9.84112E-01  2.24778E-01  1.16377E+00
  0.13600000  3.37089E+00  9.99995E-01 -1.27620E-03  9.53472E-01  9.93949E-01  9.35787E-01  9.84415E-01  2.24720E-01  1.16576E+00
  0.13700000  3.36953E+00  9.99994E-01 -1.29554E-03  9.52790E-01  9.93858E-01  9.34915E-01  9.84724E-01  2.24662E-01  1.16777E+00
  0.13800000  3.36816E+00  9.99994E-01 -1.31504E-03  9.52104E-01  9.93766E-01  9.34037E-01  9.85035E-01  2.24603E-01  1.16978E+00
  0.13900000  3.36678E+00  9.99994E-01 -1.33470E-03  9.51412E-01  9.93673E-01  9.33155E-01  9.85345E-01  2.24544E-01  1.17180E+00
  0.14000000  3.36540E+00  9.99994E-01 -1.35452E-03  9.50716E-01  9.93579E-01  9.32268E-01  9.85650E-01  2.24486E-01  1.17384E+00
  0.14100000  3.36401E+00  9.99993E-01 -1.37449E-03  9.50014E-01  9.93485E-01  9.31377E-01  9.85948E-01  2.24428E-01  1.17588E+00
  0.14200000  3.36262E+00  9.99993E-01 -1.39462E-03  9.49308E-01  9.93390E-01  9.30481E-01  9.86239E-01  2.24371E-01  1.17794E+00
  0.14300000  3.36122E+00  9.99992E-01 -1.41491E-03  9.48598E-01  9.93294E-01  9.29580E-01  9.86524E-01  2.24315E-01  1.18001E+00
  0.14400000  3.35982E+00  9.99992E-01 -1.43536E-03  9.47882E-01  9.93198E-01  9.28675E-01  9.86805E-01  2.24259E-01  1.18209E+00
  0.14500000  3.35841E+00  9.99992E-01 -1.45597E-03  9.47162E-01  9.93101E-01  9.27765E-01  9.87082E-01  2.24203E-01  1.18418E+00
  0.14600000  3.35701E+00  9.99991E-01 -1.47673E-03  9.46436E-01  9.93003E-01  9.26850E-01  9.87359E-01  2.24148E-01  1.18628E+00
  0.14700000  3.35560E+00  9.99991E-01 -1.49766E-03  9.45706E-01  9.92904E-01  9.25931E-01  9.87635E-01  2.24092E-01  1.18839E+00
  0.14800000  3.35419E+00  9.99990E-01 -1.51875E-03  9.44972E-01  9.92804E-01  9.25008E-01  9.87913E-01  2.24036E-01  1.19051E+00
  0.14900000  3.35278E+00  9.99990E-01 -1.53999E-03  9.44232E-01  9.92704E-01  9.24080E-01  9.88194E-01  2.23979E-01  1.19265E+00
  0.15000000  3.35137E+00  9.99989E-01 -1.56140E-03  9.43488E-01  9.92603E-01  9.23147E-01  9.88480E-01  2.23922E-01  1.19479E+00
  0.15100000  3.34996E+00  9.99989E-01 -1.58297E-03  9.42739E-01  9.92502E-01  9.22210E-01  9.88772E-01  2.23864E-01  1.19695E+00
  0.15200000  3.34855E+00  9.99988E-01 -1.60470E-03  9.41985E-01  9.92399E-01  9.21269E-01  9.89071E-01  2.23805E-01  1.19911E+00
  0.15300000  3.34714E+00  9.99987E-01 -1.62659E-03  9.41226E-01  9.92296E-01  9.20323E-01  9.89374E-01  2.23746E-01  1.20129E+00
  0.15400000  3.34573E+00  9.99987E-01 -1.64864E-03  9.40463E-01  9.92192E-01  9.19372E-01  9.89682E-01  2.23686E-01  1.20348E+00
  0.15500000  3.34432E+00  9.99986E-01 -1.67086E-03  9.39695E-01  9.92088E-01  9.18418E-01  9.89994E-01  2.23625E-01  1.20568E+00
  0.15600000  3.34290E+00  9.99985E-01 -1.69324E-03  9.38922E-01  9.91983E-01  9.17459E-01  9.90308E-01  2.23564E-01  1.20788E+00
  0.15700000  3.34148E+00  9.99985E-01 -1.71578E-03  9.38144E-01  9.91877E-01  9.16496E-01  9.90624E-01  2.23502E-01  1.21010E+00
  0.15800000  3.34006E+00  9.99984E-01 -1.73848E-03  9.37362E-01  9.91770E-01  9.15529E-01  9.90940E-01  2.23441E-01  1.21234E+00
  0.15900000  3.33863E+00  9.99983E-01 -1.76135E-03  9.36575E-01  9.91662E-01  9.14557E-01  9.91256E-01  2.23379E-01  1.21458E+00
  0.16000000  3.33720E+00  9.99982E-01 -1.78439E-03  9.35783E-01  9.91554E-01  9.13582E-01  9.91570E-01  2.23317E-01  1.21683E+00
  0.16100000  3.33576E+00  9.99981E-01 -1.80758E-03  9.34986E-01  9.91445E-01  9.12602E-01  9.91882E-01  2.23255E-01  1.21910E+00
  0.16200000  3.33431E+00  9.99980E-01 -1.83095E-03  9.34185E-01  9.91336E-01  9.11619E-01  9.92191E-01  2.23193E-01  1.22138E+00
  0.16300000  3.33286E+00  9.99980E-01 -1.85448E-03  9.33379E-01  9.91225E-01  9.10631E-01  9.92496E-01  2.23132E-01  1.22366E+00
  0.16400000  3.33140E+00  9.99979E-01 -1.87817E-03  9.32568E-01  9.91114E-01  9.09639E-01  9.92796E-01  2.23070E-01  1.22596E+00
  0.16500000  3.32993E+00  9.99978E-01 -1.90203E-03  9.31753E-01  9.91002E-01  9.08643E-01  9.93091E-01  2.23009E-01  1.22828E+00
  0.16600000  3.32846E+00  9.99977E-01 -1.92606E-03  9.30933E-01  9.90890E-01  9.07643E-01  9.93381E-01  2.22948E-01  1.23060E+00
  0.16700000  3.32698E+00  9.99976E-01 -1.95025E-03  9.30108E-01  9.90776E-01  9.06639E-01  9.93664E-01  2.22888E-01  1.23294E+00
  0.16800000  3.32549E+00  9.99975E-01 -1.97461E-03  9.29278E-01  9.90662E-01  9.05631E-01  9.93939E-01  2.22828E-01  1.23529E+00
  0.16900000  3.32399E+00  9.99974E-01 -1.99914E-03  9.28444E-01  9.90547E-01  9.04619E-01  9.94207E-01  2.22769E-01  1.23765E+00
  0.17000000  3.32249E+00  9.99973E-01 -2.02384E-03  9.27604E-01  9.90432E-01  9.03602E-01  9.94466E-01  2.22710E-01  1.24003E+00
  0.17100000  3.32098E+00  9.99972E-01 -2.04871E-03  9.26761E-01  9.90315E-01  9.02582E-01  9.94716E-01  2.22652E-01  1.24242E+00
  0.17200000  3.31946E+00  9.99971E-01 -2.07374E-03  9.25912E-01  9.90198E-01  9.01557E-01  9.94958E-01  2.22594E-01  1.24482E+00
  0.17300000  3.31794E+00  9.99970E-01 -2.09895E-03  9.25059E-01  9.90080E-01  9.00529E-01  9.95191E-01  2.22537E-01  1.24723E+00
  0.17400000  3.31641E+00  9.99969E-01 -2.12432E-03  9.24201E-01  9.89961E-01  8.99496E-01  9.95418E-01  2.22481E-01  1.24966E+00
  0.17500000  3.31487E+00  9.99968E-01 -2.14986E-03  9.23338E-01  9.89842E-01  8.98460E-01  9.95639E-01  2.22424E-01  1.25210E+00
  0.17600000  3.31333E+00  9.99967E-01 -2.17558E-03  9.22471E-01  9.89721E-01  8.97419E-01  9.95855E-01  2.22368E-01  1.25456E+00
  0.17700000  3.31178E+00  9.99965E-01 -2.20146E-03  9.21599E-01  9.89600E-01  8.96375E-01  9.96067E-01  2.22312E-01  1.25702E+00
  0.17800000  3.31023E+00  9.99964E-01 -2.22752E-03  9.20722E-01  9.89479E-01  8.95327E-01  9.96276E-01  2.22256E-01  1.25950E+00
  0.17900000  3.30868E+00  9.99963E-01 -2.25375E-03  9.19840E-01  9.89356E-01  8.94276E-01  9.96484E-01  2.22200E-01  1.26199E+00
  0.18000000  3.30712E+00  9.99962E-01 -2.28015E-03  9.18954E-01  9.89233E-01  8.93220E-01  9.96691E-01  2.22143E-01  1.26450E+00
  0.18100000  3.30556E+00  9.99961E-01 -2.30673E-03  9.18064E-01  9.89109E-01  8.92161E-01  9.96898E-01  2.22086E-01  1.26701E+00
  0.18200000  3.30399E+00  9.99960E-01 -2.33347E-03  9.17168E-01  9.88984E-01  8.91099E-01  9.97105E-01  2.22028E-01  1.26954E+00
  0.18300000  3.30242E+00  9.99959E-01 -2.36039E-03  9.16268E-01  9.88859E-01  8.90033E-01  9.97310E-01  2.21971E-01  1.27208E+00
  0.18400000  3.30085E+00  9.99957E-01 -2.38749E-03  9.15363E-01  9.88733E-01  8.88963E-01  9.97511E-01  2.21913E-01  1.27463E+00
  0.18500000  3.29928E+00  9.99956E-01 -2.41476E-03  9.14454E-01  9.88606E-01  8.87890E-01  9.97708E-01  2.21856E-01  1.27720E+00
  0.18600000  3.29770E+00  9.99955E-01 -2.44220E-03  9.13540E-01  9.88478E-01  8.86814E-01  9.97899E-01  2.21798E-01  1.27978E+00
  0.18700000  3.29612E+00  9.99954E-01 -2.46982E-03  9.12621E-01  9.88350E-01  8.85733E-01  9.98083E-01  2.21741E-01  1.28237E+00
  0.18800000  3.29454E+00  9.99952E-01 -2.49761E-03  9.11698E-01  9.88221E-01  8.84650E-01  9.98257E-01  2.21685E-01  1.28497E+00
  0.18900000  3.29296E+00  9.99951E-01 -2.52558E-03  9.10770E-01  9.88091E-01  8.83562E-01  9.98420E-01  2.21629E-01  1.28759E+00
  0.19000000  3.29137E+00  9.99950E-01 -2.55373E-03  9.09838E-01  9.87961E-01  8.82471E-01  9.98572E-01  2.21574E-01  1.29023E+00
  0.19100000  3.28978E+00  9.99948E-01 -2.58205E-03  9.08901E-01  9.87830E-01  8.81377E-01  9.98710E-01  2.21520E-01  1.29288E+00
  0.19200000  3.28819E+00  9.99947E-01 -2.61055E-03  9.07960E-01  9.87698E-01  8.80279E-01  9.98835E-01  2.21467E-01  1.29554E+00
  0.19300000  3.28659E+00  9.99945E-01 -2.63923E-03  9.07014E-01  9.87565E-01  8.79177E-01  9.98949E-01  2.21414E-01  1.29822E+00
  0.19400000  3.28499E+00  9.99944E-01 -2.66808E-03  9.06063E-01  9.87432E-01  8.78072E-01  9.99052E-01  2.21363E-01  1.30091E+00
  0.19500000  3.28339E+00  9.99942E-01 -2.69712E-03  9.05108E-01  9.87298E-01  8.76964E-01  9.99146E-01  2.21311E-01  1.30361E+00
  0.19600000  3.28178E+00  9.99941E-01 -2.72633E-03  9.04148E-01  9.87163E-01  8.75852E-01  9.99232E-01  2.21260E-01  1.30633E+00
  0.19700000  3.28017E+00  9.99939E-01 -2.75572E-03  9.03184E-01  9.87028E-01  8.74738E-01  9.99312E-01  2.21209E-01  1.30906E+00
  0.19800000  3.27855E+00  9.99938E-01 -2.78530E-03  9.02216E-01  9.86891E-01  8.73619E-01  9.99386E-01  2.21159E-01  1.31181E+00
  0.19900000  3.27693E+00  9.99936E-01 -2.81505E-03  9.01243E-01  9.86754E-01  8.72498E-01  9.99457E-01  2.21108E-01  1.31457E+00
  0.20000000  3.27530E+00  9.99935E-01 -2.84498E-03  9.00265E-01  9.86616E-01  8.71373E-01  9.99525E-01  2.21057E-01  1.31734E+00
  0.20100000  3.27366E+00  9.99933E-01 -2.87509E-03  8.99284E-01  9.86477E-01  8.70245E-01  9.99592E-01  2.21005E-01  1.32013E+00
  0.20200000  3.27202E+00  9.99931E-01 -2.90539E-03  8.98297E-01  9.86337E-01  8.69114E-01  9.99658E-01  2.20953E-01  1.32293E+00
  0.20300000  3.27037E+00  9.99930E-01 -2.93586E-03  8.97307E-01  9.86197E-01  8.67980E-01  9.99720E-01  2.20901E-01  1.32575E+00
  0.20400000  3.26871E+00  9.99928E-01 -2.96652E-03  8.96312E-01  9.86056E-01  8.66843E-01  9.99779E-01  2.20849E-01  1.32858E+00
  0.20500000  3.26704E+00  9.99926E-01 -2.99736E-03  8.95312E-01  9.85914E-01  8.65703E-01  9.99834E-01  2.20796E-01  1.33142E+00
  0.20600000  3.26537E+00  9.99925E-01 -3.02838E-03  8.94308E-01  9.85771E-01  8.64559E-01  9.99882E-01  2.20744E-01  1.33428E+00
  0.20700000  3.26369E+00  9.99923E-01 -3.05959E-03  8.93300E-01  9.85627E-01  8.63413E-01  9.99924E-01  2.20692E-01  1.33715E+00
  0.20800000  3.26200E+00  9.99921E-01 -3.09098E-03  8.92287E-01  9.85483E-01  8.62263E-01  9.99958E-01  2.20640E-01  1.34004E+00
  0.20900000  3.26031E+00  9.99919E-01 -3.12255E-03  8.91270E-01  9.85337E-01  8.61111E-01  9.99982E-01  2.20589E-01  1.34294E+00
  0.21000000  3.25861E+00  9.99917E-01 -3.15431E-03  8.90249E-01  9.85191E-01  8.59955E-01  9.99997E-01  2.20538E-01  1.34586E+00
  0.21100000  3.25690E+00  9.99915E-01 -3.18625E-03  8.89223E-01  9.85045E-01  8.58797E-01  1.00000E+00  2.20487E-01  1.34879E+00
  0.21200000  3.25519E+00  9.99913E-01 -3.21838E-03  8.88193E-01  9.84897E-01  8.57635E-01  9.99992E-01  2.20437E-01  1.35174E+00
  0.21300000  3.25347E+00  9.99912E-01 -3.25069E-03  8.87158E-01  9.84749E-01  8.56470E-01  9.99974E-01  2.20388E-01  1.35470E+00
  0.21400000  3.25175E+00  9.99910E-01 -3.28319E-03  8.86119E-01  9.84600E-01  8.55302E-01  9.99947E-01  2.20339E-01  1.35768E+00
  0.21500000  3.25002E+00  9.99907E-01 -3.31588E-03  8.85076E-01  9.84450E-01  8.54132E-01  9.99910E-01  2.20290E-01  1.36067E+00
  0.21600000  3.24828E+00  9.99905E-01 -3.34875E-03  8.84028E-01  9.84300E-01  8.52958E-01  9.99865E-01  2.20242E-01  1.36368E+00
  0.21700000  3.24654E+00  9.99903E-01 -3.38181E-03  8.82976E-01  9.84149E-01  8.51782E-01  9.99812E-01  2.20193E-01  1.36670E+00
  0.21800000  3.24479E+00  9.99901E-01 -3.41505E-03  8.81919E-01  9.83997E-01  8.50603E-01  9.99751E-01  2.20145E-01  1.36974E+00
  0.21900000  3.24304E+00  9.99899E-01 -3.44849E-03  8.80859E-01  9.83844E-01  8.49420E-01  9.99685E-01  2.20097E-01  1.37280E+00
  0.22000000  3.24128E+00  9.99897E-01 -3.48211E-03  8.79793E-01  9.83691E-01  8.48236E-01  9.99612E-01  2.20048E-01  1.37587E+00
  0.22100000  3.23952E+00  9.99895E-01 -3.51592E-03  8.78724E-01  9.83537E-01  8.47048E-01  9.99535E-01  2.20000E-01  1.37895E+00
  0.22200000  3.23775E+00  9.99892E-01 -3.54992E-03  8.77650E-01  9.83382E-01  8.45857E-01  9.99452E-01  2.19952E-01  1.38205E+00
  0.22300000  3.23598E+00  9.99890E-01 -3.58411E-03  8.76571E-01  9.83226E-01  8.44664E-01  9.99365E-01  2.19903E-01  1.38517E+00
  0.22400000  3.23421E+00  9.99888E-01 -3.61849E-03  8.75489E-01  9.83070E-01  8.43468E-01  9.99272E-01  2.19854E-01  1.38830E+00
  0.22500000  3.23243E+00  9.99885E-01 -3.65306E-03  8.74401E-01  9.82912E-01  8.42269E-01  9.99174E-01  2.19805E-01  1.39145E+00
  0.22600000  3.23065E+00  9.99883E-01 -3.68782E-03  8.73310E-01  9.82754E-01  8.41068E-01  9.99071E-01  2.19756E-01  1.39461E+00
  0.22700000  3.22886E+00  9.99881E-01 -3.72278E-03  8.72214E-01  9.82595E-01  8.39864E-01  9.98963E-01  2.19707E-01  1.39779E+00
  0.22800000  3.22708E+00  9.99878E-01 -3.75792E-03  8.71114E-01  9.82436E-01  8.38658E-01  9.98850E-01  2.19657E-01  1.40098E+00
  0.22900000  3.22529E+00  9.99876E-01 -3.79326E-03  8.70010E-01  9.82275E-01  8.37449E-01  9.98731E-01  2.19607E-01  1.40419E+00
  0.23000000  3.22350E+00  9.99873E-01 -3.82879E-03  8.68901E-01  9.82114E-01  8.36238E-01  9.98608E-01  2.19558E-01  1.40741E+00
  0.23100000  3.22171E+00  9.99871E-01 -3.86451E-03  8.67788E-01  9.81952E-01  8.35024E-01  9.98479E-01  2.19508E-01  1.41065E+00
  0.23200000  3.21992E+00  9.99868E-01 -3.90043E-03  8.66671E-01  9.81789E-01  8.33807E-01  9.98344E-01  2.19458E-01  1.41391E+00
  0.23300000  3.21812E+00  9.99866E-01 -3.93654E-03  8.65550E-01  9.81625E-01  8.32589E-01  9.98204E-01  2.19408E-01  1.41718E+00
  0.23400000  3.21632E+00  9.99863E-01 -3.97284E-03  8.64425E-01  9.81460E-01  8.31367E-01  9.98056E-01  2.19357E-01  1.42047E+00
  0.23500000  3.21453E+00  9.99860E-01 -4.00934E-03  8.63295E-01  9.81294E-01  8.30144E-01  9.97902E-01  2.19307E-01  1.42378E+00
  0.23600000  3.21273E+00  9.99858E-01 -4.04604E-03  8.62162E-01  9.81128E-01  8.28918E-01  9.97740E-01  2.19257E-01  1.42710E+00
  0.23700000  3.21092E+00  9.99855E-01 -4.08293E-03  8.61024E-01  9.80961E-01  8.27690E-01  9.97571E-01  2.19207E-01  1.43044E+00
  0.23800000  3.20912E+00  9.99852E-01 -4.12001E-03  8.59882E-01  9.80793E-01  8.26459E-01  9.97392E-01  2.19157E-01  1.43379E+00
  0.23900000  3.20732E+00  9.99849E-01 -4.15730E-03  8.58737E-01  9.80624E-01  8.25226E-01  9.97205E-01  2.19107E-01  1.43716E+00
  0.24000000  3.20551E+00  9.99846E-01 -4.19477E-03  8.57587E-01  9.80455E-01  8.23991E-01  9.97009E-01  2.19058E-01  1.44055E+00
  0.24100000  3.20370E+00  9.99843E-01 -4.23245E-03  8.56433E-01  9.80284E-01  8.22754E-01  9.96802E-01  2.19009E-01  1.44396E+00
  0.24200000  3.20189E+00  9.99840E-01 -4.27032E-03  8.55276E-01  9.80114E-01  8.21514E-01  9.96587E-01  2.18959E-01  1.44738E+00
  0.24300000  3.20008E+00  9.99837E-01 -4.30839E-03  8.54114E-01  9.79942E-01  8.20273E-01  9.96363E-01  2.18910E-01  1.45082E+00
  0.24400000  3.19826E+00  9.99834E-01 -4.34666E-03  8.52948E-01  9.79770E-01  8.19029E-01  9.96133E-01  2.18861E-01  1.45427E+00
  0.24500000  3.19645E+00  9.99831E-01 -4.38512E-03  8.51779E-01  9.79596E-01  8.17782E-01  9.95897E-01  2.18812E-01  1.45775E+00
  0.24600000  3.19463E+00  9.99828E-01 -4.42378E-03  8.50606E-01  9.79423E-01  8.16534E-01  9.95657E-01  2.18762E-01  1.46124E+00
  0.24700000  3.19281E+00  9.99825E-01 -4.46264E-03  8.49429E-01  9.79248E-01  8.15284E-01  9.95414E-01  2.18712E-01  1.46474E+00
  0.24800000  3.19098E+00  9.99822E-01 -4.50170E-03  8.48248E-01  9.79072E-01  8.14031E-01  9.95168E-01  2.18661E-01  1.46826E+00
  0.24900000  3.18916E+00  9.99819E-01 -4.54096E-03  8.47063E-01  9.78896E-01  8.12776E-01  9.94922E-01  2.18609E-01  1.47180E+00
  0.25000000  3.18733E+00  9.99815E-01 -4.58042E-03  8.45874E-01  9.78719E-01  8.11520E-01  9.94676E-01  2.18557E-01  1.47536E+00
  0.25100000  3.18550E+00  9.99812E-01 -4.62008E-03  8.44682E-01  9.78541E-01  8.10261E-01  9.94432E-01  2.18503E-01  1.47893E+00
  0.25200000  3.18367E+00  9.99809E-01 -4.65993E-03  8.43485E-01  9.78362E-01  8.09000E-01  9.94189E-01  2.18449E-01  1.48252E+00
  0.25300000  3.18183E+00  9.99805E-01 -4.69999E-03  8.42285E-01  9.78183E-01  8.07737E-01  9.93944E-01  2.18394E-01  1.48613E+00
  0.25400000  3.18000E+00  9.99802E-01 -4.74025E-03  8.41080E-01  9.78003E-01  8.06472E-01  9.93696E-01  2.18338E-01  1.48976E+00
  0.25500000  3.17816E+00  9.99798E-01 -4.78071E-03  8.39872E-01  9.77822E-01  8.05205E-01  9.93444E-01  2.18282E-01  1.49340E+00
  0.25600000  3.17632E+00  9.99795E-01 -4.82136E-03  8.38660E-01  9.77640E-01  8.03936E-01  9.93187E-01  2.18226E-01  1.49706E+00
  0.25700000  3.17448E+00  9.99791E-01 -4.86223E-03  8.37444E-01  9.77457E-01  8.02665E-01  9.92921E-01  2.18170E-01  1.50074E+00
  0.25800000  3.17264E+00  9.99788E-01 -4.90329E-03  8.36224E-01  9.77274E-01  8.01392E-01  9.92647E-01  2.18114E-01  1.50443E+00
  0.25900000  3.17080E+00  9.99784E-01 -4.94455E-03  8.35000E-01  9.77089E-01  8.00117E-01  9.92361E-01  2.18058E-01  1.50815E+00
  0.26000000  3.16896E+00  9.99780E-01 -4.98602E-03  8.33772E-01  9.76904E-01  7.98841E-01  9.92062E-01  2.18002E-01  1.51188E+00
  0.26100000  3.16712E+00  9.99776E-01 -5.02769E-03  8.32540E-01  9.76718E-01  7.97563E-01  9.91750E-01  2.17947E-01  1.51563E+00
  0.26200000  3.16528E+00  9.99773E-01 -5.06956E-03  8.31304E-01  9.76532E-01  7.96283E-01  9.91424E-01  2.17893E-01  1.51940E+00
  0.26300000  3.16344E+00  9.99769E-01 -5.11163E-03  8.30065E-01  9.76344E-01  7.95002E-01  9.91089E-01  2.17839E-01  1.52319E+00
  0.26400000  3.16160E+00  9.99765E-01 -5.15391E-03  8.28822E-01  9.76156E-01  7.93718E-01  9.90744E-01  2.17784E-01  1.52700E+00
  0.26500000  3.15976E+00  9.99761E-01 -5.19639E-03  8.27574E-01  9.75967E-01  7.92434E-01  9.90393E-01  2.17730E-01  1.53083E+00
  0.26600000  3.15792E+00  9.99757E-01 -5.23908E-03  8.26323E-01  9.75777E-01  7.91147E-01  9.90038E-01  2.17675E-01  1.53467E+00
  0.26700000  3.15608E+00  9.99753E-01 -5.28197E-03  8.25068E-01  9.75587E-01  7.89859E-01  9.89682E-01  2.17619E-01  1.53853E+00
  0.26800000  3.15425E+00  9.99749E-01 -5.32506E-03  8.23810E-01  9.75395E-01  7.88569E-01  9.89325E-01  2.17563E-01  1.54242E+00
  0.26900000  3.15241E+00  9.99745E-01 -5.36836E-03  8.22547E-01  9.75203E-01  7.87278E-01  9.88972E-01  2.17505E-01  1.54631E+00
  0.27000000  3.15057E+00  9.99741E-01 -5.41187E-03  8.21281E-01  9.75010E-01  7.85985E-01  9.88623E-01  2.17446E-01  1.55023E+00
  0.27100000  3.14873E+00  9.99736E-01 -5.45558E-03  8.20012E-01  9.74816E-01  7.84690E-01  9.88282E-01  2.17385E-01  1.55416E+00
  0.27200000  3.14689E+00  9.99732E-01 -5.49949E-03  8.18739E-01  9.74621E-01  7.83394E-01  9.87946E-01  2.17323E-01  1.55811E+00
  0.27300000  3.14506E+00  9.99728E-01 -5.54362E-03  8.17462E-01  9.74426E-01  7.82097E-01  9.87613E-01  2.17259E-01  1.56208E+00
  0.27400000  3.14322E+00  9.99723E-01 -5.58794E-03  8.16182E-01  9.74229E-01  7.80798E-01  9.87281E-01  2.17195E-01  1.56607E+00
  0.27500000  3.14138E+00  9.99719E-01 -5.63248E-03  8.14898E-01  9.74032E-01  7.79498E-01  9.86948E-01  2.17130E-01  1.57007E+00
  0.27600000  3.13955E+00  9.99715E-01 -5.67722E-03  8.13611E-01  9.73834E-01  7.78196E-01  9.86611E-01  2.17064E-01  1.57409E+00
  0.27700000  3.13771E+00  9.99710E-01 -5.72217E-03  8.12320E-01  9.73635E-01  7.76893E-01  9.86268E-01  2.16998E-01  1.57814E+00
  0.27800000  3.13587E+00  9.99706E-01 -5.76732E-03  8.11026E-01  9.73435E-01  7.75588E-01  9.85915E-01  2.16932E-01  1.58220E+00
  0.27900000  3.13404E+00  9.99701E-01 -5.81268E-03  8.09729E-01  9.73235E-01  7.74282E-01  9.85552E-01  2.16866E-01  1.58628E+00
  0.28000000  3.13220E+00  9.99696E-01 -5.85825E-03  8.08429E-01  9.73034E-01  7.72975E-01  9.85174E-01  2.16800E-01  1.59039E+00
  0.28100000  3.13036E+00  9.99692E-01 -5.90402E-03  8.07125E-01  9.72831E-01  7.71666E-01  9.84780E-01  2.16735E-01  1.59451E+00
  0.28200000  3.12853E+00  9.99687E-01 -5.95000E-03  8.05817E-01  9.72628E-01  7.70356E-01  9.84371E-01  2.16671E-01  1.59865E+00
  0.28300000  3.12670E+00  9.99682E-01 -5.99619E-03  8.04507E-01  9.72425E-01  7.69045E-01  9.83950E-01  2.16607E-01  1.60282E+00
  0.28400000  3.12486E+00  9.99677E-01 -6.04259E-03  8.03193E-01  9.72220E-01  7.67733E-01  9.83517E-01  2.16544E-01  1.60700E+00
  0.28500000  3.12304E+00  9.99672E-01 -6.08919E-03  8.01876E-01  9.72014E-01  7.66419E-01  9.83076E-01  2.16480E-01  1.61121E+00
  0.28600000  3.12121E+00  9.99667E-01 -6.13600E-03  8.00556E-01  9.71808E-01  7.65105E-01  9.82628E-01  2.16416E-01  1.61543E+00
  0.28700000  3.11939E+00  9.99662E-01 -6.18302E-03  7.99232E-01  9.71601E-01  7.63789E-01  9.82176E-01  2.16351E-01  1.61968E+00
  0.28800000  3.11758E+00  9.99657E-01 -6.23024E-03  7.97905E-01  9.71393E-01  7.62472E-01  9.81721E-01  2.16286E-01  1.62394E+00
  0.28900000  3.11577E+00  9.99652E-01 -6.27767E-03  7.96574E-01  9.71184E-01  7.61154E-01  9.81265E-01  2.16220E-01  1.62823E+00
  0.29000000  3.11397E+00  9.99647E-01 -6.32531E-03  7.95241E-01  9.70975E-01  7.59835E-01  9.80812E-01  2.16152E-01  1.63253E+00
  0.29100000  3.11218E+00  9.99642E-01 -6.37316E-03  7.93904E-01  9.70764E-01  7.58514E-01  9.80362E-01  2.16084E-01  1.63685E+00
  0.29200000  3.11039E+00  9.99636E-01 -6.42122E-03  7.92563E-01  9.70553E-01  7.57193E-01  9.79915E-01  2.16014E-01  1.64120E+00
  0.29300000  3.10861E+00  9.99631E-01 -6.46948E-03  7.91219E-01  9.70341E-01  7.55871E-01  9.79469E-01  2.15942E-01  1.64556E+00
  0.29400000  3.10684E+00  9.99626E-01 -6.51795E-03  7.89872E-01  9.70128E-01  7.54548E-01  9.79022E-01  2.15871E-01  1.64994E+00
  0.29500000  3.10507E+00  9.99620E-01 -6.56663E-03  7.88521E-01  9.69914E-01  7.53224E-01  9.78572E-01  2.15798E-01  1.65434E+00
  0.29600000  3.10330E+00  9.99615E-01 -6.61552E-03  7.87167E-01  9.69700E-01  7.51898E-01  9.78118E-01  2.15725E-01  1.65876E+00
  0.29700000  3.10154E+00  9.99609E-01 -6.66461E-03  7.85810E-01  9.69484E-01  7.50572E-01  9.77657E-01  2.15651E-01  1.66321E+00
  0.29800000  3.09978E+00  9.99604E-01 -6.71392E-03  7.84450E-01  9.69268E-01  7.49245E-01  9.77187E-01  2.15578E-01  1.66767E+00
  0.29900000  3.09802E+00  9.99598E-01 -6.76343E-03  7.83086E-01  9.69051E-01  7.47917E-01  9.76707E-01  2.15504E-01  1.67216E+00
  0.30000000  3.09626E+00  9.99592E-01 -6.81315E-03  7.81719E-01  9.68833E-01  7.46588E-01  9.76214E-01  2.15431E-01  1.67667E+00
  0.30100000  3.09450E+00  9.99587E-01 -6.86307E-03  7.80349E-01  9.68615E-01  7.45258E-01  9.75708E-01  2.15358E-01  1.68120E+00
  0.30200000  3.09274E+00  9.99581E-01 -6.91321E-03  7.78977E-01  9.68395E-01  7.43927E-01  9.75187E-01  2.15285E-01  1.68575E+00
  0.30300000  3.09098E+00  9.99575E-01 -6.96356E-03  7.77601E-01  9.68175E-01  7.42595E-01  9.74654E-01  2.15213E-01  1.69033E+00
  0.30400000  3.08922E+00  9.99569E-01 -7.01411E-03  7.76222E-01  9.67954E-01  7.41262E-01  9.74109E-01  2.15141E-01  1.69493E+00
  0.30500000  3.08746E+00  9.99563E-01 -7.06487E-03  7.74840E-01  9.67732E-01  7.39929E-01  9.73553E-01  2.15069E-01  1.69955E+00
  0.30600000  3.08571E+00  9.99557E-01 -7.11584E-03  7.73456E-01  9.67509E-01  7.38595E-01  9.72988E-01  2.14997E-01  1.70419E+00
  0.30700000  3.08396E+00  9.99550E-01 -7.16701E-03  7.72069E-01  9.67286E-01  7.37260E-01  9.72415E-01  2.14925E-01  1.70885E+00
  0.30800000  3.08222E+00  9.99544E-01 -7.21840E-03  7.70679E-01  9.67061E-01  7.35924E-01  9.71833E-01  2.14853E-01  1.71354E+00
  0.30900000  3.08049E+00  9.99538E-01 -7.26999E-03  7.69286E-01  9.66836E-01  7.34588E-01  9.71246E-01  2.14780E-01  1.71825E+00
  0.31000000  3.07876E+00  9.99532E-01 -7.32179E-03  7.67891E-01  9.66610E-01  7.33252E-01  9.70653E-01  2.14706E-01  1.72298E+00
  0.31100000  3.07704E+00  9.99526E-01 -7.37380E-03  7.66493E-01  9.66383E-01  7.31915E-01  9.70056E-01  2.14633E-01  1.72773E+00
  0.31200000  3.07533E+00  9.99519E-01 -7.42601E-03  7.65093E-01  9.66155E-01  7.30578E-01  9.69454E-01  2.14558E-01  1.73250E+00
  0.31300000  3.07363E+00  9.99513E-01 -7.47843E-03  7.63690E-01  9.65926E-01  7.29240E-01  9.68847E-01  2.14483E-01  1.73730E+00
  0.31400000  3.07194E+00  9.99507E-01 -7.53106E-03  7.62284E-01  9.65697E-01  7.27902E-01  9.68234E-01  2.14408E-01  1.74211E+00
  0.31500000  3.07025E+00  9.99500E-01 -7.58390E-03  7.60876E-01  9.65466E-01  7.26563E-01  9.67613E-01  2.14333E-01  1.74695E+00
  0.31600000  3.06858E+00  9.99493E-01 -7.63694E-03  7.59465E-01  9.65235E-01  7.25224E-01  9.66985E-01  2.14257E-01  1.75181E+00
  0.31700000  3.06691E+00  9.99487E-01 -7.69019E-03  7.58051E-01  9.65003E-01  7.23885E-01  9.66348E-01  2.14181E-01  1.75670E+00
  0.31800000  3.06525E+00  9.99480E-01 -7.74364E-03  7.56635E-01  9.64770E-01  7.22545E-01  9.65702E-01  2.14105E-01  1.76160E+00
  0.31900000  3.06360E+00  9.99473E-01 -7.79730E-03  7.55216E-01  9.64536E-01  7.21204E-01  9.65046E-01  2.14029E-01  1.76653E+00
  0.32000000  3.06196E+00  9.99466E-01 -7.85116E-03  7.53794E-01  9.64301E-01  7.19863E-01  9.64380E-01  2.13952E-01  1.77149E+00
  0.32100000  3.06033E+00  9.99459E-01 -7.90523E-03  7.52370E-01  9.64065E-01  7.18522E-01  9.63701E-01  2.13877E-01  1.77647E+00
  0.32200000  3.05870E+00  9.99452E-01 -7.95951E-03  7.50943E-01  9.63829E-01  7.17180E-01  9.63011E-01  2.13801E-01  1.78147E+00
  0.32300000  3.05708E+00  9.99445E-01 -8.01399E-03  7.49514E-01  9.63591E-01  7.15837E-01  9.62310E-01  2.13725E-01  1.78650E+00
  0.32400000  3.05548E+00  9.99438E-01 -8.06868E-03  7.48082E-01  9.63353E-01  7.14494E-01  9.61599E-01  2.13649E-01  1.79155E+00
  0.32500000  3.05387E+00  9.99430E-01 -8.12357E-03  7.46647E-01  9.63114E-01  7.13151E-01  9.60876E-01  2.13574E-01  1.79662E+00
  0.32600000  3.05228E+00  9.99423E-01 -8.17866E-03  7.45209E-01  9.62874E-01  7.11808E-01  9.60144E-01  2.13498E-01  1.80172E+00
  0.32700000  3.05069E+00  9.99416E-01 -8.23396E-03  7.43769E-01  9.62634E-01  7.10464E-01  9.59401E-01  2.13423E-01  1.80684E+00
  0.32800000  3.04911E+00  9.99409E-01 -8.28946E-03  7.42327E-01  9.62392E-01  7.09120E-01  9.58649E-01  2.13347E-01  1.81199E+00
  0.32900000  3.04753E+00  9.99402E-01 -8.34516E-03  7.40882E-01  9.62150E-01  7.07777E-01  9.57887E-01  2.13271E-01  1.81715E+00
  0.33000000  3.04596E+00  9.99394E-01 -8.40107E-03  7.39434E-01  9.61907E-01  7.06433E-01  9.57117E-01  2.13195E-01  1.82235E+00
  0.33100000  3.04440E+00  9.99387E-01 -8.45718E-03  7.37984E-01  9.61663E-01  7.05089E-01  9.56338E-01  2.13119E-01  1.82756E+00
  0.33200000  3.04284E+00  9.99379E-01 -8.51350E-03  7.36533E-01  9.61418E-01  7.03745E-01  9.55550E-01  2.13043E-01  1.83280E+00
  0.33300000  3.04128E+00  9.99372E-01 -8.57001E-03  7.35079E-01  9.61172E-01  7.02401E-01  9.54753E-01  2.12967E-01  1.83806E+00
  0.33400000  3.03974E+00  9.99364E-01 -8.62673E-03  7.33622E-01  9.60926E-01  7.01058E-01  9.53947E-01  2.12891E-01  1.84335E+00
  0.33500000  3.03820E+00  9.99356E-01 -8.68365E-03  7.32164E-01  9.60679E-01  6.99714E-01  9.53131E-01  2.12814E-01  1.84866E+00
  0.33600000  3.03667E+00  9.99348E-01 -8.74077E-03  7.30704E-01  9.60431E-01  6.98370E-01  9.52307E-01  2.12738E-01  1.85400E+00
  0.33700000  3.03515E+00  9.99340E-01 -8.79809E-03  7.29242E-01  9.60182E-01  6.97027E-01  9.51473E-01  2.12661E-01  1.85936E+00
  0.33800000  3.03364E+00  9.99332E-01 -8.85561E-03  7.27777E-01  9.59932E-01  6.95683E-01  9.50629E-01  2.12584E-01  1.86474E+00
  0.33900000  3.03214E+00  9.99324E-01 -8.91334E-03  7.26311E-01  9.59681E-01  6.94340E-01  9.49775E-01  2.12508E-01  1.87015E+00
  0.34000000  3.03065E+00  9.99316E-01 -8.97126E-03  7.24844E-01  9.59430E-01  6.92997E-01  9.48911E-01  2.12431E-01  1.87558E+00
  0.34100000  3.02917E+00  9.99308E-01 -9.02938E-03  7.23374E-01  9.59177E-01  6.91653E-01  9.48037E-01  2.12354E-01  1.88104E+00
  0.34200000  3.02770E+00  9.99299E-01 -9.08770E-03  7.21903E-01  9.58924E-01  6.90310E-01  9.47152E-01  2.12278E-01  1.88653E+00
  0.34300000  3.02625E+00  9.99291E-01 -9.14622E-03  7.20430E-01  9.58670E-01  6.88967E-01  9.46258E-01  2.12201E-01  1.89204E+00
  0.34400000  3.02480E+00  9.99283E-01 -9.20493E-03  7.18954E-01  9.58414E-01  6.87624E-01  9.45353E-01  2.12124E-01  1.89757E+00
  0.34500000  3.02337E+00  9.99275E-01 -9.26385E-03  7.17478E-01  9.58158E-01  6.86282E-01  9.44439E-01  2.12047E-01  1.90313E+00
  0.34600000  3.02195E+00  9.99267E-01 -9.32296E-03  7.15999E-01  9.57901E-01  6.84939E-01  9.43515E-01  2.11971E-01  1.90872E+00
  0.34700000  3.02053E+00  9.99258E-01 -9.38227E-03  7.14518E-01  9.57643E-01  6.83597E-01  9.42581E-01  2.11894E-01  1.91433E+00
  0.34800000  3.01913E+00  9.99250E-01 -9.44177E-03  7.13035E-01  9.57385E-01  6.82255E-01  9.41637E-01  2.11817E-01  1.91997E+00
  0.34900000  3.01774E+00  9.99241E-01 -9.50147E-03  7.11550E-01  9.57125E-01  6.80913E-01  9.40684E-01  2.11740E-01  1.92563E+00
  0.35000000  3.01636E+00  9.99232E-01 -9.56137E-03  7.10064E-01  9.56865E-01  6.79572E-01  9.39721E-01  2.11663E-01  1.93132E+00
  0.35100000  3.01499E+00  9.99223E-01 -9.62146E-03  7.08576E-01  9.56603E-01  6.78231E-01  9.38748E-01  2.11586E-01  1.93704E+00
  0.35200000  3.01363E+00  9.99215E-01 -9.68174E-03  7.07085E-01  9.56341E-01  6.76891E-01  9.37767E-01  2.11509E-01  1.94278E+00
  0.35300000  3.01228E+00  9.99206E-01 -9.74222E-03  7.05593E-01  9.56079E-01  6.75551E-01  9.36775E-01  2.11432E-01  1.94854E+00
  0.35400000  3.01094E+00  9.99197E-01 -9.80288E-03  7.04100E-01  9.55815E-01  6.74211E-01  9.35775E-01  2.11355E-01  1.95433E+00
  0.35500000  3.00961E+00  9.99188E-01 -9.86375E-03  7.02604E-01  9.55550E-01  6.72872E-01  9.34765E-01  2.11278E-01  1.96015E+00
  0.35600000  3.00829E+00  9.99179E-01 -9.92480E-03  7.01107E-01  9.55285E-01  6.71533E-01  9.33745E-01  2.11201E-01  1.96600E+00
  0.35700000  3.00698E+00  9.99170E-01 -9.98605E-03  6.99608E-01  9.55018E-01  6.70195E-01  9.32716E-01  2.11124E-01  1.97186E+00
  0.35800000  3.00568E+00  9.99161E-01 -1.00475E-02  6.98108E-01  9.54751E-01  6.68857E-01  9.31678E-01  2.11047E-01  1.97776E+00
  0.35900000  3.00439E+00  9.99152E-01 -1.01091E-02  6.96607E-01  9.54483E-01  6.67520E-01  9.30630E-01  2.10970E-01  1.98368E+00
  0.36000000  3.00311E+00  9.99143E-01 -1.01709E-02  6.95104E-01  9.54214E-01  6.66183E-01  9.29572E-01  2.10892E-01  1.98963E+00
  0.36100000  3.00184E+00  9.99134E-01 -1.02329E-02  6.93600E-01  9.53944E-01  6.64847E-01  9.28505E-01  2.10815E-01  1.99561E+00
  0.36200000  3.00058E+00  9.99124E-01 -1.02951E-02  6.92095E-01  9.53673E-01  6.63512E-01  9.27429E-01  2.10738E-01  2.00161E+00
  0.36300000  2.99933E+00  9.99115E-01 -1.03575E-02  6.90588E-01  9.53402E-01  6.62177E-01  9.26344E-01  2.10660E-01  2.00764E+00
  0.36400000  2.99810E+00  9.99105E-01 -1.04201E-02  6.89080E-01  9.53129E-01  6.60843E-01  9.25248E-01  2.10583E-01  2.01369E+00
  0.36500000  2.99687E+00  9.99095E-01 -1.04828E-02  6.87572E-01  9.52856E-01  6.59510E-01  9.24143E-01  2.10505E-01  2.01977E+00
  0.36600000  2.99566E+00  9.99086E-01 -1.05458E-02  6.86062E-01  9.52581E-01  6.58177E-01  9.23029E-01  2.10428E-01  2.02588E+00
  0.36700000  2.99446E+00  9.99076E-01 -1.06089E-02  6.84551E-01  9.52306E-01  6.56845E-01  9.21905E-01  2.10350E-01  2.03202E+00
  0.36800000  2.99327E+00  9.99066E-01 -1.06722E-02  6.83039E-01  9.52030E-01  6.55514E-01  9.20772E-01  2.10273E-01  2.03818E+00
  0.36900000  2.99210E+00  9.99056E-01 -1.07357E-02  6.81526E-01  9.51753E-01  6.54183E-01  9.19628E-01  2.10195E-01  2.04437E+00
  0.37000000  2.99094E+00  9.99046E-01 -1.07994E-02  6.80013E-01  9.51475E-01  6.52854E-01  9.18476E-01  2.10118E-01  2.05059E+00
  0.37100000  2.98979E+00  9.99036E-01 -1.08632E-02  6.78498E-01  9.51196E-01  6.51525E-01  9.17313E-01  2.10041E-01  2.05683E+00
  0.37200000  2.98866E+00  9.99026E-01 -1.09273E-02  6.76982E-01  9.50917E-01  6.50197E-01  9.16141E-01  2.09963E-01  2.06311E+00
  0.37300000  2.98754E+00  9.99016E-01 -1.09915E-02  6.75465E-01  9.50636E-01  6.48869E-01  9.14959E-01  2.09886E-01  2.06940E+00
  0.37400000  2.98644E+00  9.99005E-01 -1.10559E-02  6.73946E-01  9.50355E-01  6.47543E-01  9.13769E-01  2.09809E-01  2.07573E+00
  0.37500000  2.98535E+00  9.98995E-01 -1.11205E-02  6.72427E-01  9.50072E-01  6.46218E-01  9.12569E-01  2.09731E-01  2.08208E+00
  0.37600000  2.98427E+00  9.98985E-01 -1.11852E-02  6.70907E-01  9.49789E-01  6.44893E-01  9.11359E-01  2.09654E-01  2.08846E+00
  0.37700000  2.98321E+00  9.98975E-01 -1.12501E-02  6.69386E-01  9.49505E-01  6.43570E-01  9.10142E-01  2.09576E-01  2.09487E+00
  0.37800000  2.98216E+00  9.98964E-01 -1.13153E-02  6.67863E-01  9.49220E-01  6.42248E-01  9.08915E-01  2.09499E-01  2.10131E+00
  0.37900000  2.98112E+00  9.98954E-01 -1.13805E-02  6.66340E-01  9.48934E-01  6.40927E-01  9.07679E-01  2.09421E-01  2.10777E+00
  0.38000000  2.98009E+00  9.98943E-01 -1.14460E-02  6.64816E-01  9.48648E-01  6.39607E-01  9.06436E-01  2.09344E-01  2.11426E+00
  0.38100000  2.97907E+00  9.98933E-01 -1.15117E-02  6.63291E-01  9.48360E-01  6.38288E-01  9.05184E-01  2.09266E-01  2.12077E+00
  0.38200000  2.97807E+00  9.98922E-01 -1.15775E-02  6.61766E-01  9.48071E-01  6.36970E-01  9.03923E-01  2.09188E-01  2.12731E+00
  0.38300000  2.97708E+00  9.98911E-01 -1.16434E-02  6.60239E-01  9.47782E-01  6.35654E-01  9.02654E-01  2.09111E-01  2.13388E+00
  0.38400000  2.97610E+00  9.98900E-01 -1.17096E-02  6.58713E-01  9.47492E-01  6.34339E-01  9.01375E-01  2.09033E-01  2.14048E+00
  0.38500000  2.97514E+00  9.98889E-01 -1.17759E-02  6.57185E-01  9.47201E-01  6.33025E-01  9.00088E-01  2.08955E-01  2.14711E+00
  0.38600000  2.97419E+00  9.98878E-01 -1.18424E-02  6.55658E-01  9.46909E-01  6.31712E-01  8.98792E-01  2.08877E-01  2.15376E+00
  0.38700000  2.97325E+00  9.98867E-01 -1.19091E-02  6.54130E-01  9.46616E-01  6.30400E-01  8.97486E-01  2.08799E-01  2.16044E+00
  0.38800000  2.97232E+00  9.98856E-01 -1.19759E-02  6.52601E-01  9.46322E-01  6.29090E-01  8.96170E-01  2.08722E-01  2.16715E+00
  0.38900000  2.97141E+00  9.98845E-01 -1.20429E-02  6.51072E-01  9.46027E-01  6.27780E-01  8.94845E-01  2.08644E-01  2.17389E+00
  0.39000000  2.97051E+00  9.98834E-01 -1.21101E-02  6.49544E-01  9.45732E-01  6.26472E-01  8.93509E-01  2.08567E-01  2.18065E+00
  0.39100000  2.96963E+00  9.98822E-01 -1.21774E-02  6.48014E-01  9.45435E-01  6.25166E-01  8.92164E-01  2.08490E-01  2.18745E+00
  0.39200000  2.96875E+00  9.98811E-01 -1.22449E-02  6.46485E-01  9.45138E-01  6.23860E-01  8.90808E-01  2.08413E-01  2.19427E+00
  0.39300000  2.96790E+00  9.98800E-01 -1.23126E-02  6.44955E-01  9.44840E-01  6.22555E-01  8.89443E-01  2.08336E-01  2.20113E+00
  0.39400000  2.96706E+00  9.98788E-01 -1.23804E-02  6.43425E-01  9.44541E-01  6.21252E-01  8.88069E-01  2.08259E-01  2.20801E+00
  0.39500000  2.96623E+00  9.98777E-01 -1.24484E-02  6.41895E-01  9.44241E-01  6.19950E-01  8.86686E-01  2.08182E-01  2.21492E+00
  0.39600000  2.96542E+00  9.98765E-01 -1.25165E-02  6.40365E-01  9.43940E-01  6.18649E-01  8.85296E-01  2.08105E-01  2.22186E+00
  0.39700000  2.96462E+00  9.98753E-01 -1.25848E-02  6.38834E-01  9.43638E-01  6.17349E-01  8.83897E-01  2.08028E-01  2.22883E+00
  0.39800000  2.96384E+00  9.98741E-01 -1.26533E-02  6.37303E-01  9.43335E-01  6.16050E-01  8.82491E-01  2.07951E-01  2.23583E+00
  0.39900000  2.96308E+00  9.98729E-01 -1.27219E-02  6.35772E-01  9.43032E-01  6.14753E-01  8.81079E-01  2.07874E-01  2.24287E+00
  0.40000000  2.96233E+00  9.98718E-01 -1.27907E-02  6.34241E-01  9.42727E-01  6.13456E-01  8.79660E-01  2.07797E-01  2.24993E+00
  0.40100000  2.96160E+00  9.98706E-01 -1.28596E-02  6.32710E-01  9.42422E-01  6.12161E-01  8.78235E-01  2.07720E-01  2.25702E+00
  0.40200000  2.96088E+00  9.98694E-01 -1.29287E-02  6.31179E-01  9.42115E-01  6.10867E-01  8.76804E-01  2.07643E-01  2.26414E+00
  0.40300000  2.96018E+00  9.98682E-01 -1.29980E-02  6.29647E-01  9.41808E-01  6.09573E-01  8.75366E-01  2.07565E-01  2.27129E+00
  0.40400000  2.95950E+00  9.98670E-01 -1.30674E-02  6.28116E-01  9.41500E-01  6.08281E-01  8.73922E-01  2.07488E-01  2.27848E+00
  0.40500000  2.95883E+00  9.98658E-01 -1.31369E-02  6.26584E-01  9.41191E-01  6.06990E-01  8.72469E-01  2.07410E-01  2.28569E+00
  0.40600000  2.95818E+00  9.98646E-01 -1.32066E-02  6.25053E-01  9.40881E-01  6.05701E-01  8.71009E-01  2.07333E-01  2.29294E+00
  0.40700000  2.95754E+00  9.98634E-01 -1.32764E-02  6.23522E-01  9.40570E-01  6.04412E-01  8.69541E-01  2.07256E-01  2.30022E+00
  0.40800000  2.95692E+00  9.98621E-01 -1.33464E-02  6.21991E-01  9.40258E-01  6.03124E-01  8.68064E-01  2.07179E-01  2.30753E+00
  0.40900000  2.95631E+00  9.98609E-01 -1.34166E-02  6.20461E-01  9.39945E-01  6.01838E-01  8.66579E-01  2.07102E-01  2.31487E+00
  0.41000000  2.95572E+00  9.98596E-01 -1.34868E-02  6.18931E-01  9.39631E-01  6.00553E-01  8.65083E-01  2.07025E-01  2.32225E+00
  0.41100000  2.95514E+00  9.98583E-01 -1.35573E-02  6.17401E-01  9.39317E-01  5.99269E-01  8.63578E-01  2.06949E-01  2.32965E+00
  0.41200000  2.95457E+00  9.98571E-01 -1.36278E-02  6.15872E-01  9.39001E-01  5.97986E-01  8.62064E-01  2.06872E-01  2.33709E+00
  0.41300000  2.95402E+00  9.98558E-01 -1.36985E-02  6.14343E-01  9.38684E-01  5.96704E-01  8.60540E-01  2.06797E-01  2.34457E+00
  0.41400000  2.95349E+00  9.98546E-01 -1.37694E-02  6.12815E-01  9.38367E-01  5.95424E-01  8.59009E-01  2.06721E-01  2.35208E+00
  0.41500000  2.95297E+00  9.98533E-01 -1.38404E-02  6.11287E-01  9.38049E-01  5.94145E-01  8.57470E-01  2.06645E-01  2.35962E+00
  0.41600000  2.95246E+00  9.98521E-01 -1.39115E-02  6.09760E-01  9.37730E-01  5.92867E-01  8.55925E-01  2.06570E-01  2.36719E+00
  0.41700000  2.95197E+00  9.98508E-01 -1.39828E-02  6.08234E-01  9.37409E-01  5.91590E-01  8.54373E-01  2.06494E-01  2.37480E+00
  0.41800000  2.95150E+00  9.98495E-01 -1.40542E-02  6.06708E-01  9.37088E-01  5.90314E-01  8.52815E-01  2.06418E-01  2.38244E+00
  0.41900000  2.95105E+00  9.98482E-01 -1.41257E-02  6.05183E-01  9.36767E-01  5.89040E-01  8.51253E-01  2.06342E-01  2.39011E+00
  0.42000000  2.95061E+00  9.98469E-01 -1.41974E-02  6.03658E-01  9.36444E-01  5.87767E-01  8.49686E-01  2.06266E-01  2.39782E+00
  0.42100000  2.95019E+00  9.98456E-01 -1.42692E-02  6.02134E-01  9.36120E-01  5.86494E-01  8.48116E-01  2.06190E-01  2.40556E+00
  0.42200000  2.94979E+00  9.98442E-01 -1.43411E-02  6.00610E-01  9.35796E-01  5.85223E-01  8.46541E-01  2.06114E-01  2.41333E+00
  0.42300000  2.94940E+00  9.98429E-01 -1.44132E-02  5.99088E-01  9.35471E-01  5.83954E-01  8.44962E-01  2.06037E-01  2.42114E+00
  0.42400000  2.94904E+00  9.98416E-01 -1.44854E-02  5.97566E-01  9.35144E-01  5.82685E-01  8.43377E-01  2.05961E-01  2.42898E+00
  0.42500000  2.94869E+00  9.98402E-01 -1.45577E-02  5.96044E-01  9.34817E-01  5.81417E-01  8.41786E-01  2.05884E-01  2.43686E+00
  0.42600000  2.94835E+00  9.98389E-01 -1.46302E-02  5.94524E-01  9.34489E-01  5.80151E-01  8.40190E-01  2.05808E-01  2.44478E+00
  0.42700000  2.94804E+00  9.98376E-01 -1.47027E-02  5.93004E-01  9.34160E-01  5.78886E-01  8.38586E-01  2.05731E-01  2.45273E+00
  0.42800000  2.94774E+00  9.98363E-01 -1.47754E-02  5.91486E-01  9.33831E-01  5.77622E-01  8.36974E-01  2.05655E-01  2.46071E+00
  0.42900000  2.94746E+00  9.98349E-01 -1.48482E-02  5.89968E-01  9.33500E-01  5.76359E-01  8.35354E-01  2.05580E-01  2.46873E+00
  0.43000000  2.94720E+00  9.98336E-01 -1.49212E-02  5.88451E-01  9.33168E-01  5.75097E-01  8.33725E-01  2.05505E-01  2.47679E+00
  0.43100000  2.94696E+00  9.98322E-01 -1.49942E-02  5.86935E-01  9.32835E-01  5.73837E-01  8.32087E-01  2.05430E-01  2.48489E+00
  0.43200000  2.94673E+00  9.98308E-01 -1.50674E-02  5.85421E-01  9.32502E-01  5.72577E-01  8.30441E-01  2.05355E-01  2.49302E+00
  0.43300000  2.94652E+00  9.98294E-01 -1.51407E-02  5.83907E-01  9.32167E-01  5.71319E-01  8.28786E-01  2.05282E-01  2.50119E+00
  0.43400000  2.94632E+00  9.98280E-01 -1.52141E-02  5.82395E-01  9.31831E-01  5.70062E-01  8.27124E-01  2.05208E-01  2.50939E+00
  0.43500000  2.94615E+00  9.98267E-01 -1.52876E-02  5.80883E-01  9.31495E-01  5.68806E-01  8.25456E-01  2.05134E-01  2.51764E+00
  0.43600000  2.94599E+00  9.98253E-01 -1.53612E-02  5.79373E-01  9.31157E-01  5.67551E-01  8.23782E-01  2.05061E-01  2.52592E+00
  0.43700000  2.94585E+00  9.98239E-01 -1.54350E-02  5.77865E-01  9.30819E-01  5.66297E-01  8.22103E-01  2.04988E-01  2.53424E+00
  0.43800000  2.94573E+00  9.98225E-01 -1.55088E-02  5.76357E-01  9.30479E-01  5.65045E-01  8.20421E-01  2.04914E-01  2.54260E+00
  0.43900000  2.94562E+00  9.98211E-01 -1.55828E-02  5.74851E-01  9.30139E-01  5.63793E-01  8.18735E-01  2.04841E-01  2.55099E+00
  0.44000000  2.94553E+00  9.98197E-01 -1.56568E-02  5.73347E-01  9.29798E-01  5.62543E-01  8.17047E-01  2.04767E-01  2.55942E+00
  0.44100000  2.94546E+00  9.98183E-01 -1.57310E-02  5.71843E-01  9.29455E-01  5.61294E-01  8.15357E-01  2.04693E-01  2.56790E+00
  0.44200000  2.94540E+00  9.98169E-01 -1.58053E-02  5.70341E-01  9.29112E-01  5.60046E-01  8.13666E-01  2.04619E-01  2.57641E+00
  0.44300000  2.94537E+00  9.98155E-01 -1.58796E-02  5.68841E-01  9.28768E-01  5.58799E-01  8.11972E-01  2.04544E-01  2.58496E+00
  0.44400000  2.94535E+00  9.98140E-01 -1.59541E-02  5.67342E-01  9.28423E-01  5.57554E-01  8.10275E-01  2.04470E-01  2.59354E+00
  0.44500000  2.94535E+00  9.98126E-01 -1.60287E-02  5.65844E-01  9.28077E-01  5.56309E-01  8.08574E-01  2.04396E-01  2.60217E+00
  0.44600000  2.94537E+00  9.98111E-01 -1.61034E-02  5.64348E-01  9.27730E-01  5.55066E-01  8.06869E-01  2.04321E-01  2.61084E+00
  0.44700000  2.94540E+00  9.98097E-01 -1.61781E-02  5.62853E-01  9.27382E-01  5.53824E-01  8.05159E-01  2.04247E-01  2.61955E+00
  0.44800000  2.94546E+00  9.98082E-01 -1.62530E-02  5.61360E-01  9.27033E-01  5.52583E-01  8.03444E-01  2.04173E-01  2.62829E+00
  0.44900000  2.94553E+00  9.98068E-01 -1.63279E-02  5.59869E-01  9.26683E-01  5.51343E-01  8.01722E-01  2.04100E-01  2.63708E+00
  0.45000000  2.94563E+00  9.98054E-01 -1.64030E-02  5.58379E-01  9.26333E-01  5.50105E-01  7.99994E-01  2.04027E-01  2.64591E+00
  0.45100000  2.94574E+00  9.98039E-01 -1.64781E-02  5.56891E-01  9.25981E-01  5.48867E-01  7.98259E-01  2.03955E-01  2.65478E+00
  0.45200000  2.94588E+00  9.98025E-01 -1.65533E-02  5.55404E-01  9.25629E-01  5.47631E-01  7.96518E-01  2.03883E-01  2.66370E+00
  0.45300000  2.94603E+00  9.98010E-01 -1.66287E-02  5.53919E-01  9.25275E-01  5.46396E-01  7.94771E-01  2.03811E-01  2.67265E+00
  0.45400000  2.94621E+00  9.97995E-01 -1.67041E-02  5.52436E-01  9.24921E-01  5.45161E-01  7.93019E-01  2.03740E-01  2.68165E+00
  0.45500000  2.94640E+00  9.97981E-01 -1.67795E-02  5.50954E-01  9.24566E-01  5.43928E-01  7.91263E-01  2.03670E-01  2.69069E+00
  0.45600000  2.94661E+00  9.97965E-01 -1.68551E-02  5.49475E-01  9.24210E-01  5.42697E-01  7.89505E-01  2.03599E-01  2.69977E+00
  0.45700000  2.94684E+00  9.97950E-01 -1.69307E-02  5.47997E-01  9.23853E-01  5.41466E-01  7.87744E-01  2.03528E-01  2.70889E+00
  0.45800000  2.94709E+00  9.97935E-01 -1.70065E-02  5.46521E-01  9.23495E-01  5.40236E-01  7.85983E-01  2.03457E-01  2.71806E+00
  0.45900000  2.94736E+00  9.97921E-01 -1.70823E-02  5.45047E-01  9.23136E-01  5.39008E-01  7.84221E-01  2.03387E-01  2.72726E+00
  0.46000000  2.94765E+00  9.97906E-01 -1.71581E-02  5.43575E-01  9.22776E-01  5.37781E-01  7.82460E-01  2.03316E-01  2.73652E+00
  0.46100000  2.94796E+00  9.97891E-01 -1.72341E-02  5.42105E-01  9.22415E-01  5.36555E-01  7.80701E-01  2.03244E-01  2.74581E+00
  0.46200000  2.94828E+00  9.97876E-01 -1.73101E-02  5.40638E-01  9.22054E-01  5.35330E-01  7.78942E-01  2.03173E-01  2.75515E+00
  0.46300000  2.94862E+00  9.97861E-01 -1.73862E-02  5.39172E-01  9.21691E-01  5.34106E-01  7.77185E-01  2.03101E-01  2.76453E+00
  0.46400000  2.94899E+00  9.97846E-01 -1.74624E-02  5.37708E-01  9.21327E-01  5.32883E-01  7.75427E-01  2.03029E-01  2.77396E+00
  0.46500000  2.94937E+00  9.97831E-01 -1.75386E-02  5.36247E-01  9.20962E-01  5.31662E-01  7.73669E-01  2.02957E-01  2.78343E+00
  0.46600000  2.94977E+00  9.97815E-01 -1.76149E-02  5.34788E-01  9.20597E-01  5.30441E-01  7.71910E-01  2.02885E-01  2.79294E+00
  0.46700000  2.95019E+00  9.97800E-01 -1.76913E-02  5.33331E-01  9.20230E-01  5.29222E-01  7.70149E-01  2.02814E-01  2.80250E+00
  0.46800000  2.95063E+00  9.97784E-01 -1.77677E-02  5.31876E-01  9.19863E-01  5.28004E-01  7.68385E-01  2.02742E-01  2.81211E+00
  0.46900000  2.95109E+00  9.97769E-01 -1.78442E-02  5.30423E-01  9.19494E-01  5.26787E-01  7.66619E-01  2.02671E-01  2.82176E+00
  0.47000000  2.95157E+00  9.97754E-01 -1.79208E-02  5.28972E-01  9.19125E-01  5.25571E-01  7.64849E-01  2.02601E-01  2.83145E+00
  0.47100000  2.95207E+00  9.97739E-01 -1.79974E-02  5.27524E-01  9.18755E-01  5.24357E-01  7.63075E-01  2.02531E-01  2.84120E+00
  0.47200000  2.95259E+00  9.97723E-01 -1.80741E-02  5.26077E-01  9.18384E-01  5.23143E-01  7.61297E-01  2.02462E-01  2.85099E+00
  0.47300000  2.95314E+00  9.97708E-01 -1.81508E-02  5.24633E-01  9.18011E-01  5.21931E-01  7.59517E-01  2.02393E-01  2.86082E+00
  0.47400000  2.95370E+00  9.97693E-01 -1.82276E-02  5.23191E-01  9.17638E-01  5.20720E-01  7.57735E-01  2.02324E-01  2.87071E+00
  0.47500000  2.95428E+00  9.97677E-01 -1.83044E-02  5.21751E-01  9.17264E-01  5.19510E-01  7.55951E-01  2.02256E-01  2.88064E+00
  0.47600000  2.95489E+00  9.97662E-01 -1.83813E-02  5.20314E-01  9.16889E-01  5.18301E-01  7.54167E-01  2.02188E-01  2.89062E+00
  0.47700000  2.95552E+00  9.97646E-01 -1.84582E-02  5.18879E-01  9.16513E-01  5.17093E-01  7.52384E-01  2.02120E-01  2.90065E+00
  0.47800000  2.95616E+00  9.97630E-01 -1.85352E-02  5.17446E-01  9.16136E-01  5.15886E-01  7.50601E-01  2.02052E-01  2.91072E+00
  0.47900000  2.95683E+00  9.97614E-01 -1.86122E-02  5.16016E-01  9.15758E-01  5.14680E-01  7.48820E-01  2.01984E-01  2.92085E+00
  0.48000000  2.95752E+00  9.97599E-01 -1.86892E-02  5.14589E-01  9.15380E-01  5.13476E-01  7.47043E-01  2.01916E-01  2.93102E+00
  0.48100000  2.95823E+00  9.97583E-01 -1.87664E-02  5.13164E-01  9.15000E-01  5.12273E-01  7.45268E-01  2.01848E-01  2.94124E+00
  0.48200000  2.95896E+00  9.97567E-01 -1.88435E-02  5.11742E-01  9.14619E-01  5.11070E-01  7.43497E-01  2.01779E-01  2.95152E+00
  0.48300000  2.95972E+00  9.97552E-01 -1.89207E-02  5.10322E-01  9.14237E-01  5.09869E-01  7.41730E-01  2.01710E-01  2.96184E+00
  0.48400000  2.96049E+00  9.97536E-01 -1.89979E-02  5.08906E-01  9.13854E-01  5.08669E-01  7.39965E-01  2.01641E-01  2.97221E+00
  0.48500000  2.96128E+00  9.97521E-01 -1.90752E-02  5.07491E-01  9.13470E-01  5.07471E-01  7.38203E-01  2.01573E-01  2.98263E+00
  0.48600000  2.96210E+00  9.97505E-01 -1.91525E-02  5.06080E-01  9.13085E-01  5.06273E-01  7.36444E-01  2.01504E-01  2.99311E+00
  0.48700000  2.96293E+00  9.97489E-01 -1.92298E-02  5.04671E-01  9.12699E-01  5.05077E-01  7.34688E-01  2.01435E-01  3.00363E+00
  0.48800000  2.96379E+00  9.97473E-01 -1.93071E-02  5.03265E-01  9.12313E-01  5.03881E-01  7.32934E-01  2.01366E-01  3.01420E+00
  0.48900000  2.96466E+00  9.97456E-01 -1.93845E-02  5.01861E-01  9.11925E-01  5.02687E-01  7.31182E-01  2.01297E-01  3.02483E+00
  0.49000000  2.96556E+00  9.97440E-01 -1.94619E-02  5.00460E-01  9.11536E-01  5.01494E-01  7.29431E-01  2.01228E-01  3.03550E+00
  0.49100000  2.96648E+00  9.97425E-01 -1.95393E-02  4.99061E-01  9.11147E-01  5.00302E-01  7.27683E-01  2.01159E-01  3.04623E+00
  0.49200000  2.96741E+00  9.97409E-01 -1.96168E-02  4.97665E-01  9.10756E-01  4.99111E-01  7.25937E-01  2.01091E-01  3.05701E+00
  0.49300000  2.96837E+00  9.97393E-01 -1.96943E-02  4.96271E-01  9.10365E-01  4.97922E-01  7.24193E-01  2.01023E-01  3.06784E+00
  0.49400000  2.96935E+00  9.97377E-01 -1.97718E-02  4.94880E-01  9.09973E-01  4.96733E-01  7.22451E-01  2.00954E-01  3.07873E+00
  0.49500000  2.97034E+00  9.97361E-01 -1.98493E-02  4.93492E-01  9.09579E-01  4.95546E-01  7.20711E-01  2.00886E-01  3.08967E+00
  0.49600000  2.97136E+00  9.97345E-01 -1.99268E-02  4.92106E-01  9.09185E-01  4.94359E-01  7.18974E-01  2.00818E-01  3.10066E+00
  0.49700000  2.97241E+00  9.97329E-01 -2.00043E-02  4.90724E-01  9.08790E-01  4.93174E-01  7.17240E-01  2.00751E-01  3.11170E+00
  0.49800000  2.97347E+00  9.97313E-01 -2.00819E-02  4.89344E-01  9.08394E-01  4.91990E-01  7.15509E-01  2.00683E-01  3.12280E+00
  0.49900000  2.97456E+00  9.97297E-01 -2.01595E-02  4.87967E-01  9.07997E-01  4.90807E-01  7.13781E-01  2.00615E-01  3.13396E+00
  0.50000000  2.97567E+00  9.97281E-01 -2.02371E-02  4.86594E-01  9.07599E-01  4.89626E-01  7.12056E-01  2.00547E-01  3.14517E+00
  0.50100000  2.97680E+00  9.97265E-01 -2.03146E-02  4.85223E-01  9.07200E-01  4.88445E-01  7.10335E-01  2.00480E-01  3.15644E+00
  0.50200000  2.97796E+00  9.97249E-01 -2.03922E-02  4.83856E-01  9.06799E-01  4.87266E-01  7.08617E-01  2.00412E-01  3.16777E+00
  0.50300000  2.97914E+00  9.97232E-01 -2.04698E-02  4.82492E-01  9.06398E-01  4.86087E-01  7.06904E-01  2.00345E-01  3.17915E+00
  0.50400000  2.98035E+00  9.97216E-01 -2.05474E-02  4.81131E-01  9.05996E-01  4.84910E-01  7.05197E-01  2.00277E-01  3.19059E+00
  0.50500000  2.98157E+00  9.97200E-01 -2.06250E-02  4.79773E-01  9.05593E-01  4.83734E-01  7.03495E-01  2.00209E-01  3.20208E+00
  0.50600000  2.98282E+00  9.97184E-01 -2.07026E-02  4.78417E-01  9.05189E-01  4.82559E-01  7.01799E-01  2.00141E-01  3.21364E+00
  0.50700000  2.98409E+00  9.97168E-01 -2.07802E-02  4.77065E-01  9.04784E-01  4.81385E-01  7.00110E-01  2.00072E-01  3.22525E+00
  0.50800000  2.98539E+00  9.97152E-01 -2.08578E-02  4.75715E-01  9.04378E-01  4.80212E-01  6.98429E-01  2.00003E-01  3.23692E+00
  0.50900000  2.98670E+00  9.97136E-01 -2.09354E-02  4.74369E-01  9.03971E-01  4.79040E-01  6.96755E-01  1.99934E-01  3.24864E+00
  0.51000000  2.98804E+00  9.97120E-01 -2.10130E-02  4.73024E-01  9.03563E-01  4.77870E-01  6.95091E-01  1.99864E-01  3.26042E+00
  0.51100000  2.98940E+00  9.97104E-01 -2.10906E-02  4.71683E-01  9.03154E-01  4.76700E-01  6.93435E-01  1.99793E-01  3.27227E+00
  0.51200000  2.99078E+00  9.97087E-01 -2.11681E-02  4.70344E-01  9.02744E-01  4.75532E-01  6.91788E-01  1.99722E-01  3.28417E+00
  0.51300000  2.99218E+00  9.97070E-01 -2.12457E-02  4.69008E-01  9.02333E-01  4.74365E-01  6.90149E-01  1.99651E-01  3.29613E+00
  0.51400000  2.99361E+00  9.97054E-01 -2.13232E-02  4.67675E-01  9.01921E-01  4.73199E-01  6.88517E-01  1.99579E-01  3.30814E+00
  0.51500000  2.99506E+00  9.97038E-01 -2.14007E-02  4.66346E-01  9.01507E-01  4.72034E-01  6.86893E-01  1.99507E-01  3.32022E+00
  0.51600000  2.99653E+00  9.97021E-01 -2.14782E-02  4.65020E-01  9.01093E-01  4.70870E-01  6.85274E-01  1.99435E-01  3.33236E+00
  0.51700000  2.99802E+00  9.97005E-01 -2.15557E-02  4.63697E-01  9.00678E-01  4.69708E-01  6.83662E-01  1.99363E-01  3.34457E+00
  0.51800000  2.99953E+00  9.96989E-01 -2.16332E-02  4.62377E-01  9.00262E-01  4.68546E-01  6.82055E-01  1.99290E-01  3.35683E+00
  0.51900000  3.00107E+00  9.96973E-01 -2.17106E-02  4.61061E-01  8.99845E-01  4.67386E-01  6.80452E-01  1.99218E-01  3.36916E+00
  0.52000000  3.00263E+00  9.96957E-01 -2.17880E-02  4.59748E-01  8.99427E-01  4.66226E-01  6.78853E-01  1.99146E-01  3.38155E+00
  0.52100000  3.00421E+00  9.96940E-01 -2.18654E-02  4.58439E-01  8.99008E-01  4.65068E-01  6.77257E-01  1.99074E-01  3.39400E+00
  0.52200000  3.00582E+00  9.96924E-01 -2.19428E-02  4.57133E-01  8.98589E-01  4.63911E-01  6.75666E-01  1.99003E-01  3.40652E+00
  0.52300000  3.00744E+00  9.96907E-01 -2.20201E-02  4.55830E-01  8.98168E-01  4.62755E-01  6.74079E-01  1.98931E-01  3.41911E+00
  0.52400000  3.00910E+00  9.96891E-01 -2.20974E-02  4.54530E-01  8.97747E-01  4.61600E-01  6.72498E-01  1.98860E-01  3.43176E+00
  0.52500000  3.01077E+00  9.96874E-01 -2.21747E-02  4.53233E-01  8.97324E-01  4.60447E-01  6.70922E-01  1.98788E-01  3.44447E+00
  0.52600000  3.01247E+00  9.96858E-01 -2.22519E-02  4.51939E-01  8.96901E-01  4.59294E-01  6.69354E-01  1.98717E-01  3.45725E+00
  0.52700000  3.01419E+00  9.96842E-01 -2.23291E-02  4.50647E-01  8.96476E-01  4.58143E-01  6.67793E-01  1.98645E-01  3.47010E+00
  0.52800000  3.01593E+00  9.96826E-01 -2.24063E-02  4.49359E-01  8.96051E-01  4.56992E-01  6.66241E-01  1.98572E-01  3.48301E+00
  0.52900000  3.01770E+00  9.96810E-01 -2.24834E-02  4.48073E-01  8.95624E-01  4.55843E-01  6.64697E-01  1.98499E-01  3.49599E+00
  0.53000000  3.01949E+00  9.96793E-01 -2.25605E-02  4.46790E-01  8.95197E-01  4.54695E-01  6.63164E-01  1.98426E-01  3.50903E+00
  0.53100000  3.02131E+00  9.96777E-01 -2.26375E-02  4.45510E-01  8.94768E-01  4.53548E-01  6.61641E-01  1.98352E-01  3.52214E+00
  0.53200000  3.02314E+00  9.96760E-01 -2.27145E-02  4.44234E-01  8.94339E-01  4.52402E-01  6.60128E-01  1.98277E-01  3.53532E+00
  0.53300000  3.02501E+00  9.96744E-01 -2.27915E-02  4.42960E-01  8.93908E-01  4.51257E-01  6.58625E-01  1.98202E-01  3.54856E+00
  0.53400000  3.02690E+00  9.96727E-01 -2.28684E-02  4.41691E-01  8.93476E-01  4.50114E-01  6.57131E-01  1.98126E-01  3.56188E+00
  0.53500000  3.02881E+00  9.96711E-01 -2.29453E-02  4.40425E-01  8.93044E-01  4.48971E-01  6.55646E-01  1.98049E-01  3.57526E+00
  0.53600000  3.03074E+00  9.96695E-01 -2.30221E-02  4.39162E-01  8.92610E-01  4.47830E-01  6.54170E-01  1.97973E-01  3.58872E+00
  0.53700000  3.03270E+00  9.96679E-01 -2.30988E-02  4.37903E-01  8.92175E-01  4.46690E-01  6.52702E-01  1.97896E-01  3.60224E+00
  0.53800000  3.03468E+00  9.96663E-01 -2.31755E-02  4.36648E-01  8.91740E-01  4.45550E-01  6.51241E-01  1.97819E-01  3.61584E+00
  0.53900000  3.03669E+00  9.96647E-01 -2.32522E-02  4.35396E-01  8.91303E-01  4.44412E-01  6.49788E-01  1.97741E-01  3.62951E+00
  0.54000000  3.03872E+00  9.96630E-01 -2.33288E-02  4.34147E-01  8.90865E-01  4.43275E-01  6.48341E-01  1.97664E-01  3.64325E+00
  0.54100000  3.04077E+00  9.96614E-01 -2.34053E-02  4.32901E-01  8.90427E-01  4.42139E-01  6.46900E-01  1.97586E-01  3.65706E+00
  0.54200000  3.04285E+00  9.96597E-01 -2.34818E-02  4.31658E-01  8.89987E-01  4.41005E-01  6.45465E-01  1.97509E-01  3.67095E+00
  0.54300000  3.04495E+00  9.96581E-01 -2.35582E-02  4.30418E-01  8.89547E-01  4.39871E-01  6.44036E-01  1.97432E-01  3.68492E+00
  0.54400000  3.04708E+00  9.96565E-01 -2.36345E-02  4.29180E-01  8.89105E-01  4.38738E-01  6.42611E-01  1.97354E-01  3.69896E+00
  0.54500000  3.04923E+00  9.96549E-01 -2.37108E-02  4.27945E-01  8.88662E-01  4.37607E-01  6.41191E-01  1.97278E-01  3.71307E+00
  0.54600000  3.05140E+00  9.96533E-01 -2.37870E-02  4.26713E-01  8.88219E-01  4.36477E-01  6.39775E-01  1.97201E-01  3.72727E+00
  0.54700000  3.05360E+00  9.96517E-01 -2.38632E-02  4.25484E-01  8.87774E-01  4.35347E-01  6.38363E-01  1.97125E-01  3.74154E+00
  0.54800000  3.05582E+00  9.96501E-01 -2.39393E-02  4.24258E-01  8.87328E-01  4.34219E-01  6.36954E-01  1.97049E-01  3.75589E+00
  0.54900000  3.05806E+00  9.96484E-01 -2.40153E-02  4.23035E-01  8.86881E-01  4.33092E-01  6.35547E-01  1.96973E-01  3.77032E+00
  0.55000000  3.06033E+00  9.96468E-01 -2.40912E-02  4.21816E-01  8.86434E-01  4.31966E-01  6.34143E-01  1.96899E-01  3.78483E+00
  0.55100000  3.06262E+00  9.96452E-01 -2.41671E-02  4.20599E-01  8.85985E-01  4.30842E-01  6.32741E-01  1.96824E-01  3.79942E+00
  0.55200000  3.06494E+00  9.96435E-01 -2.42429E-02  4.19387E-01  8.85535E-01  4.29718E-01  6.31342E-01  1.96751E-01  3.81409E+00
  0.55300000  3.06727E+00  9.96419E-01 -2.43186E-02  4.18178E-01  8.85083E-01  4.28595E-01  6.29946E-01  1.96677E-01  3.82884E+00
  0.55400000  3.06964E+00  9.96403E-01 -2.43943E-02  4.16973E-01  8.84631E-01  4.27474E-01  6.28554E-01  1.96604E-01  3.84367E+00
  0.55500000  3.07202E+00  9.96388E-01 -2.44698E-02  4.15771E-01  8.84178E-01  4.26354E-01  6.27168E-01  1.96531E-01  3.85859E+00
  0.55600000  3.07443E+00  9.96372E-01 -2.45453E-02  4.14572E-01  8.83724E-01  4.25234E-01  6.25788E-01  1.96458E-01  3.87359E+00
  0.55700000  3.07687E+00  9.96356E-01 -2.46207E-02  4.13376E-01  8.83269E-01  4.24116E-01  6.24415E-01  1.96385E-01  3.88867E+00
  0.55800000  3.07933E+00  9.96340E-01 -2.46961E-02  4.12184E-01  8.82813E-01  4.22999E-01  6.23049E-01  1.96311E-01  3.90383E+00
  0.55900000  3.08182E+00  9.96324E-01 -2.47713E-02  4.10994E-01  8.82356E-01  4.21884E-01  6.21692E-01  1.96237E-01  3.91908E+00
  0.56000000  3.08433E+00  9.96307E-01 -2.48465E-02  4.09806E-01  8.81898E-01  4.20769E-01  6.20345E-01  1.96163E-01  3.93441E+00
  0.56100000  3.08687E+00  9.96291E-01 -2.49215E-02  4.08621E-01  8.81439E-01  4.19655E-01  6.19008E-01  1.96088E-01  3.94982E+00
  0.56200000  3.08943E+00  9.96275E-01 -2.49965E-02  4.07439E-01  8.80979E-01  4.18543E-01  6.17680E-01  1.96012E-01  3.96532E+00
  0.56300000  3.09202E+00  9.96260E-01 -2.50714E-02  4.06259E-01  8.80518E-01  4.17431E-01  6.16359E-01  1.95936E-01  3.98090E+00
  0.56400000  3.09463E+00  9.96244E-01 -2.51462E-02  4.05082E-01  8.80057E-01  4.16321E-01  6.15043E-01  1.95861E-01  3.99658E+00
  0.56500000  3.09727E+00  9.96229E-01 -2.52209E-02  4.03908E-01  8.79594E-01  4.15212E-01  6.13730E-01  1.95786E-01  4.01234E+00
  0.56600000  3.09993E+00  9.96213E-01 -2.52955E-02  4.02737E-01  8.79130E-01  4.14103E-01  6.12419E-01  1.95711E-01  4.02819E+00
  0.56700000  3.10262E+00  9.96197E-01 -2.53701E-02  4.01569E-01  8.78665E-01  4.12996E-01  6.11107E-01  1.95637E-01  4.04413E+00
  0.56800000  3.10533E+00  9.96181E-01 -2.54445E-02  4.00405E-01  8.78200E-01  4.11890E-01  6.09794E-01  1.95565E-01  4.06017E+00
  0.56900000  3.10807E+00  9.96165E-01 -2.55188E-02  3.99244E-01  8.77733E-01  4.10786E-01  6.08476E-01  1.95494E-01  4.07630E+00
  0.57000000  3.11083E+00  9.96149E-01 -2.55931E-02  3.98087E-01  8.77265E-01  4.09682E-01  6.07152E-01  1.95424E-01  4.09253E+00
  0.57100000  3.11361E+00  9.96134E-01 -2.56672E-02  3.96933E-01  8.76796E-01  4.08579E-01  6.05821E-01  1.95357E-01  4.10886E+00
  0.57200000  3.11642E+00  9.96118E-01 -2.57412E-02  3.95782E-01  8.76326E-01  4.07478E-01  6.04484E-01  1.95292E-01  4.12528E+00
  0.57300000  3.11926E+00  9.96103E-01 -2.58152E-02  3.94634E-01  8.75855E-01  4.06377E-01  6.03144E-01  1.95228E-01  4.14180E+00
  0.57400000  3.12211E+00  9.96087E-01 -2.58890E-02  3.93488E-01  8.75382E-01  4.05278E-01  6.01801E-01  1.95165E-01  4.15842E+00
  0.57500000  3.12500E+00  9.96072E-01 -2.59627E-02  3.92345E-01  8.74909E-01  4.04179E-01  6.00458E-01  1.95102E-01  4.17514E+00
  0.57600000  3.12790E+00  9.96056E-01 -2.60364E-02  3.91204E-01  8.74435E-01  4.03082E-01  5.99118E-01  1.95041E-01  4.19196E+00
  0.57700000  3.13084E+00  9.96041E-01 -2.61099E-02  3.90065E-01  8.73960E-01  4.01986E-01  5.97782E-01  1.94979E-01  4.20887E+00
  0.57800000  3.13379E+00  9.96025E-01 -2.61833E-02  3.88928E-01  8.73483E-01  4.00891E-01  5.96452E-01  1.94917E-01  4.22588E+00
  0.57900000  3.13677E+00  9.96010E-01 -2.62566E-02  3.87794E-01  8.73006E-01  3.99797E-01  5.95131E-01  1.94855E-01  4.24300E+00
  0.58000000  3.13978E+00  9.95994E-01 -2.63298E-02  3.86663E-01  8.72528E-01  3.98704E-01  5.93821E-01  1.94792E-01  4.26020E+00
  0.58100000  3.14281E+00  9.95979E-01 -2.64029E-02  3.85533E-01  8.72049E-01  3.97613E-01  5.92522E-01  1.94727E-01  4.27751E+00
  0.58200000  3.14587E+00  9.95964E-01 -2.64759E-02  3.84407E-01  8.71568E-01  3.96522E-01  5.91234E-01  1.94662E-01  4.29492E+00
  0.58300000  3.14895E+00  9.95949E-01 -2.65488E-02  3.83284E-01  8.71087E-01  3.95432E-01  5.89954E-01  1.94596E-01  4.31243E+00
  0.58400000  3.15206E+00  9.95934E-01 -2.66215E-02  3.82164E-01  8.70605E-01  3.94344E-01  5.88679E-01  1.94530E-01  4.33004E+00
  0.58500000  3.15519E+00  9.95918E-01 -2.66942E-02  3.81048E-01  8.70122E-01  3.93257E-01  5.87406E-01  1.94465E-01  4.34775E+00
  0.58600000  3.15835E+00  9.95903E-01 -2.67667E-02  3.79934E-01  8.69637E-01  3.92170E-01  5.86133E-01  1.94400E-01  4.36558E+00
  0.58700000  3.16154E+00  9.95888E-01 -2.68391E-02  3.78823E-01  8.69152E-01  3.91085E-01  5.84858E-01  1.94337E-01  4.38351E+00
  0.58800000  3.16475E+00  9.95873E-01 -2.69114E-02  3.77715E-01  8.68666E-01  3.90001E-01  5.83576E-01  1.94275E-01  4.40155E+00
  0.58900000  3.16798E+00  9.95858E-01 -2.69836E-02  3.76609E-01  8.68179E-01  3.88918E-01  5.82287E-01  1.94215E-01  4.41971E+00
  0.59000000  3.17124E+00  9.95843E-01 -2.70556E-02  3.75506E-01  8.67690E-01  3.87836E-01  5.80987E-01  1.94157E-01  4.43798E+00
  0.59100000  3.17453E+00  9.95828E-01 -2.71275E-02  3.74404E-01  8.67201E-01  3.86756E-01  5.79673E-01  1.94102E-01  4.45637E+00
  0.59200000  3.17784E+00  9.95813E-01 -2.71994E-02  3.73304E-01  8.66711E-01  3.85676E-01  5.78349E-01  1.94050E-01  4.47487E+00
  0.59300000  3.18117E+00  9.95799E-01 -2.72711E-02  3.72206E-01  8.66219E-01  3.84597E-01  5.77015E-01  1.93999E-01  4.49350E+00
  0.59400000  3.18453E+00  9.95784E-01 -2.73426E-02  3.71110E-01  8.65727E-01  3.83520E-01  5.75676E-01  1.93951E-01  4.51224E+00
  0.59500000  3.18792E+00  9.95769E-01 -2.74141E-02  3.70015E-01  8.65233E-01  3.82443E-01  5.74334E-01  1.93903E-01  4.53109E+00
  0.59600000  3.19133E+00  9.95754E-01 -2.74854E-02  3.68923E-01  8.64738E-01  3.81368E-01  5.72991E-01  1.93856E-01  4.55007E+00
  0.59700000  3.19476E+00  9.95739E-01 -2.75566E-02  3.67834E-01  8.64243E-01  3.80294E-01  5.71649E-01  1.93809E-01  4.56916E+00
  0.59800000  3.19822E+00  9.95725E-01 -2.76277E-02  3.66746E-01  8.63746E-01  3.79221E-01  5.70313E-01  1.93762E-01  4.58837E+00
  0.59900000  3.20171E+00  9.95710E-01 -2.76986E-02  3.65662E-01  8.63248E-01  3.78149E-01  5.68984E-01  1.93714E-01  4.60769E+00
  0.60000000  3.20522E+00  9.95696E-01 -2.77695E-02  3.64580E-01  8.62749E-01  3.77078E-01  5.67665E-01  1.93665E-01  4.62713E+00
  0.60100000  3.20875E+00  9.95681E-01 -2.78402E-02  3.63501E-01  8.62249E-01  3.76008E-01  5.66359E-01  1.93615E-01  4.64669E+00
  0.60200000  3.21231E+00  9.95667E-01 -2.79108E-02  3.62424E-01  8.61748E-01  3.74939E-01  5.65062E-01  1.93563E-01  4.66637E+00
  0.60300000  3.21590E+00  9.95652E-01 -2.79812E-02  3.61350E-01  8.61246E-01  3.73872E-01  5.63772E-01  1.93511E-01  4.68617E+00
  0.60400000  3.21951E+00  9.95638E-01 -2.80515E-02  3.60278E-01  8.60742E-01  3.72805E-01  5.62485E-01  1.93458E-01  4.70609E+00
  0.60500000  3.22314E+00  9.95624E-01 -2.81217E-02  3.59208E-01  8.60238E-01  3.71740E-01  5.61199E-01  1.93406E-01  4.72614E+00
  0.60600000  3.22680E+00  9.95609E-01 -2.81918E-02  3.58139E-01  8.59733E-01  3.70675E-01  5.59908E-01  1.93355E-01  4.74632E+00
  0.60700000  3.23049E+00  9.95595E-01 -2.82617E-02  3.57071E-01  8.59226E-01  3.69612E-01  5.58612E-01  1.93306E-01  4.76662E+00
  0.60800000  3.23419E+00  9.95581E-01 -2.83315E-02  3.56005E-01  8.58719E-01  3.68550E-01  5.57305E-01  1.93259E-01  4.78706E+00
  0.60900000  3.23793E+00  9.95567E-01 -2.84012E-02  3.54940E-01  8.58211E-01  3.67488E-01  5.55984E-01  1.93214E-01  4.80764E+00
  0.61000000  3.24169E+00  9.95553E-01 -2.84707E-02  3.53877E-01  8.57701E-01  3.66428E-01  5.54647E-01  1.93172E-01  4.82835E+00
  0.61100000  3.24548E+00  9.95539E-01 -2.85401E-02  3.52814E-01  8.57191E-01  3.65369E-01  5.53289E-01  1.93134E-01  4.84921E+00
  0.61200000  3.24929E+00  9.95525E-01 -2.86094E-02  3.51754E-01  8.56679E-01  3.64311E-01  5.51915E-01  1.93099E-01  4.87020E+00
  0.61300000  3.25312E+00  9.95511E-01 -2.86785E-02  3.50696E-01  8.56167E-01  3.63255E-01  5.50525E-01  1.93067E-01  4.89134E+00
  0.61400000  3.25698E+00  9.95497E-01 -2.87475E-02  3.49640E-01  8.55653E-01  3.62199E-01  5.49125E-01  1.93036E-01  4.91262E+00
  0.61500000  3.26087E+00  9.95483E-01 -2.88164E-02  3.48587E-01  8.55138E-01  3.61144E-01  5.47716E-01  1.93008E-01  4.93404E+00
  0.61600000  3.26478E+00  9.95469E-01 -2.88851E-02  3.47535E-01  8.54623E-01  3.60091E-01  5.46302E-01  1.92980E-01  4.95560E+00
  0.61700000  3.26872E+00  9.95456E-01 -2.89537E-02  3.46486E-01  8.54106E-01  3.59038E-01  5.44886E-01  1.92953E-01  4.97730E+00
  0.61800000  3.27268E+00  9.95442E-01 -2.90222E-02  3.45438E-01  8.53588E-01  3.57987E-01  5.43471E-01  1.92925E-01  4.99915E+00
  0.61900000  3.27667E+00  9.95429E-01 -2.90906E-02  3.44392E-01  8.53069E-01  3.56936E-01  5.42061E-01  1.92897E-01  5.02113E+00
  0.62000000  3.28068E+00  9.95416E-01 -2.91588E-02  3.43347E-01  8.52549E-01  3.55887E-01  5.40659E-01  1.92867E-01  5.04326E+00
  0.62100000  3.28472E+00  9.95402E-01 -2.92268E-02  3.42302E-01  8.52028E-01  3.54839E-01  5.39267E-01  1.92836E-01  5.06553E+00
  0.62200000  3.28878E+00  9.95388E-01 -2.92947E-02  3.41259E-01  8.51506E-01  3.53792E-01  5.37883E-01  1.92804E-01  5.08794E+00
  0.62300000  3.29286E+00  9.95375E-01 -2.93625E-02  3.40216E-01  8.50983E-01  3.52746E-01  5.36503E-01  1.92770E-01  5.11050E+00
  0.62400000  3.29697E+00  9.95361E-01 -2.94302E-02  3.39174E-01  8.50459E-01  3.51701E-01  5.35124E-01  1.92737E-01  5.13321E+00
  0.62500000  3.30110E+00  9.95348E-01 -2.94977E-02  3.38132E-01  8.49933E-01  3.50657E-01  5.33744E-01  1.92704E-01  5.15607E+00
  0.62600000  3.30526E+00  9.95335E-01 -2.95651E-02  3.37092E-01  8.49407E-01  3.49614E-01  5.32357E-01  1.92671E-01  5.17908E+00
  0.62700000  3.30945E+00  9.95322E-01 -2.96323E-02  3.36053E-01  8.48879E-01  3.48572E-01  5.30962E-01  1.92640E-01  5.20225E+00
  0.62800000  3.31365E+00  9.95309E-01 -2.96995E-02  3.35015E-01  8.48351E-01  3.47532E-01  5.29554E-01  1.92611E-01  5.22558E+00
  0.62900000  3.31788E+00  9.95296E-01 -2.97664E-02  3.33979E-01  8.47821E-01  3.46492E-01  5.28130E-01  1.92585E-01  5.24908E+00
  0.63000000  3.32214E+00  9.95283E-01 -2.98333E-02  3.32945E-01  8.47291E-01  3.45454E-01  5.26687E-01  1.92562E-01  5.27274E+00
  0.63100000  3.32642E+00  9.95270E-01 -2.99000E-02  3.31912E-01  8.46759E-01  3.44416E-01  5.25221E-01  1.92542E-01  5.29657E+00
  0.63200000  3.33072E+00  9.95257E-01 -2.99666E-02  3.30881E-01  8.46227E-01  3.43380E-01  5.23735E-01  1.92526E-01  5.32057E+00
  0.63300000  3.33505E+00  9.95244E-01 -3.00330E-02  3.29850E-01  8.45693E-01  3.42345E-01  5.22232E-01  1.92513E-01  5.34475E+00
  0.63400000  3.33941E+00  9.95232E-01 -3.00993E-02  3.28820E-01  8.45159E-01  3.41310E-01  5.20713E-01  1.92501E-01  5.36909E+00
  0.63500000  3.34378E+00  9.95219E-01 -3.01654E-02  3.27791E-01  8.44623E-01  3.40277E-01  5.19181E-01  1.92492E-01  5.39360E+00
  0.63600000  3.34818E+00  9.95206E-01 -3.02315E-02  3.26762E-01  8.44086E-01  3.39245E-01  5.17641E-01  1.92484E-01  5.41829E+00
  0.63700000  3.35261E+00  9.95194E-01 -3.02973E-02  3.25732E-01  8.43549E-01  3.38214E-01  5.16093E-01  1.92476E-01  5.44315E+00
  0.63800000  3.35706E+00  9.95181E-01 -3.03631E-02  3.24703E-01  8.43010E-01  3.37184E-01  5.14541E-01  1.92469E-01  5.46818E+00
  0.63900000  3.36153E+00  9.95169E-01 -3.04287E-02  3.23674E-01  8.42470E-01  3.36156E-01  5.12988E-01  1.92462E-01  5.49339E+00
  0.64000000  3.36603E+00  9.95156E-01 -3.04942E-02  3.22645E-01  8.41929E-01  3.35128E-01  5.11437E-01  1.92453E-01  5.51876E+00
  0.64100000  3.37055E+00  9.95144E-01 -3.05595E-02  3.21617E-01  8.41386E-01  3.34101E-01  5.09889E-01  1.92444E-01  5.54432E+00
  0.64200000  3.37510E+00  9.95132E-01 -3.06247E-02  3.20590E-01  8.40843E-01  3.33075E-01  5.08345E-01  1.92433E-01  5.57005E+00
  0.64300000  3.37967E+00  9.95120E-01 -3.06898E-02  3.19563E-01  8.40298E-01  3.32051E-01  5.06801E-01  1.92422E-01  5.59596E+00
  0.64400000  3.38426E+00  9.95108E-01 -3.07548E-02  3.18537E-01  8.39753E-01  3.31027E-01  5.05256E-01  1.92410E-01  5.62205E+00
  0.64500000  3.38888E+00  9.95096E-01 -3.08196E-02  3.17512E-01  8.39206E-01  3.30005E-01  5.03709E-01  1.92397E-01  5.64832E+00
  0.64600000  3.39352E+00  9.95083E-01 -3.08842E-02  3.16488E-01  8.38658E-01  3.28984E-01  5.02156E-01  1.92385E-01  5.67478E+00
  0.64700000  3.39819E+00  9.95071E-01 -3.09488E-02  3.15464E-01  8.38109E-01  3.27963E-01  5.00597E-01  1.92374E-01  5.70143E+00
  0.64800000  3.40288E+00  9.95059E-01 -3.10132E-02  3.14440E-01  8.37559E-01  3.26944E-01  4.99030E-01  1.92363E-01  5.72827E+00
  0.64900000  3.40759E+00  9.95048E-01 -3.10774E-02  3.13416E-01  8.37009E-01  3.25926E-01  4.97452E-01  1.92353E-01  5.75530E+00
  0.65000000  3.41233E+00  9.95036E-01 -3.11416E-02  3.12392E-01  8.36457E-01  3.24909E-01  4.95861E-01  1.92345E-01  5.78254E+00
  0.65100000  3.41709E+00  9.95024E-01 -3.12056E-02  3.11367E-01  8.35904E-01  3.23893E-01  4.94257E-01  1.92338E-01  5.80997E+00
  0.65200000  3.42187E+00  9.95013E-01 -3.12694E-02  3.10342E-01  8.35350E-01  3.22878E-01  4.92639E-01  1.92333E-01  5.83760E+00
  0.65300000  3.42668E+00  9.95001E-01 -3.13332E-02  3.09317E-01  8.34795E-01  3.21864E-01  4.91008E-01  1.92329E-01  5.86543E+00
  0.65400000  3.43151E+00  9.94989E-01 -3.13968E-02  3.08291E-01  8.34239E-01  3.20852E-01  4.89366E-01  1.92327E-01  5.89347E+00
  0.65500000  3.43636E+00  9.94978E-01 -3.14602E-02  3.07265E-01  8.33682E-01  3.19840E-01  4.87713E-01  1.92325E-01  5.92172E+00
  0.65600000  3.44124E+00  9.94967E-01 -3.15236E-02  3.06239E-01  8.33124E-01  3.18829E-01  4.86050E-01  1.92324E-01  5.95017E+00
  0.65700000  3.44614E+00  9.94955E-01 -3.15868E-02  3.05213E-01  8.32565E-01  3.17820E-01  4.84379E-01  1.92324E-01  5.97884E+00
  0.65800000  3.45106E+00  9.94944E-01 -3.16499E-02  3.04188E-01  8.32005E-01  3.16811E-01  4.82699E-01  1.92324E-01  6.00771E+00
  0.65900000  3.45601E+00  9.94933E-01 -3.17128E-02  3.03163E-01  8.31444E-01  3.15804E-01  4.81013E-01  1.92324E-01  6.03681E+00
  0.66000000  3.46098E+00  9.94922E-01 -3.17756E-02  3.02137E-01  8.30881E-01  3.14798E-01  4.79322E-01  1.92324E-01  6.06611E+00
  0.66100000  3.46597E+00  9.94911E-01 -3.18383E-02  3.01111E-01  8.30317E-01  3.13792E-01  4.77625E-01  1.92324E-01  6.09564E+00
  0.66200000  3.47099E+00  9.94900E-01 -3.19008E-02  3.00085E-01  8.29752E-01  3.12788E-01  4.75924E-01  1.92324E-01  6.12538E+00
  0.66300000  3.47603E+00  9.94889E-01 -3.19632E-02  2.99059E-01  8.29186E-01  3.11785E-01  4.74218E-01  1.92323E-01  6.15535E+00
  0.66400000  3.48109E+00  9.94878E-01 -3.20255E-02  2.98032E-01  8.28619E-01  3.10783E-01  4.72508E-01  1.92322E-01  6.18554E+00
  0.66500000  3.48618E+00  9.94867E-01 -3.20877E-02  2.97003E-01  8.28051E-01  3.09782E-01  4.70793E-01  1.92320E-01  6.21595E+00
  0.66600000  3.49129E+00  9.94856E-01 -3.21497E-02  2.95974E-01  8.27481E-01  3.08782E-01  4.69075E-01  1.92318E-01  6.24660E+00
  0.66700000  3.49642E+00  9.94845E-01 -3.22116E-02  2.94945E-01  8.26911E-01  3.07783E-01  4.67353E-01  1.92316E-01  6.27747E+00
  0.66800000  3.50157E+00  9.94835E-01 -3.22734E-02  2.93914E-01  8.26339E-01  3.06785E-01  4.65627E-01  1.92312E-01  6.30857E+00
  0.66900000  3.50675E+00  9.94824E-01 -3.23350E-02  2.92883E-01  8.25766E-01  3.05788E-01  4.63897E-01  1.92308E-01  6.33991E+00
  0.67000000  3.51195E+00  9.94814E-01 -3.23965E-02  2.91852E-01  8.25192E-01  3.04792E-01  4.62164E-01  1.92303E-01  6.37148E+00
  0.67100000  3.51717E+00  9.94803E-01 -3.24579E-02  2.90820E-01  8.24618E-01  3.03797E-01  4.60428E-01  1.92298E-01  6.40328E+00
  0.67200000  3.52242E+00  9.94793E-01 -3.25192E-02  2.89788E-01  8.24042E-01  3.02804E-01  4.58688E-01  1.92291E-01  6.43533E+00
  0.67300000  3.52769E+00  9.94783E-01 -3.25803E-02  2.88755E-01  8.23465E-01  3.01811E-01  4.56942E-01  1.92284E-01  6.46762E+00
  0.67400000  3.53298E+00  9.94772E-01 -3.26413E-02  2.87722E-01  8.22887E-01  3.00820E-01  4.55192E-01  1.92277E-01  6.50016E+00
  0.67500000  3.53830E+00  9.94762E-01 -3.27022E-02  2.86689E-01  8.22308E-01  2.99829E-01  4.53435E-01  1.92270E-01  6.53295E+00
  0.67600000  3.54363E+00  9.94752E-01 -3.27629E-02  2.85654E-01  8.21728E-01  2.98840E-01  4.51670E-01  1.92262E-01  6.56599E+00
  0.67700000  3.54900E+00  9.94742E-01 -3.28235E-02  2.84619E-01  8.21147E-01  2.97852E-01  4.49898E-01  1.92254E-01  6.59928E+00
  0.67800000  3.55438E+00  9.94732E-01 -3.28840E-02  2.83582E-01  8.20565E-01  2.96864E-01  4.48118E-01  1.92246E-01  6.63284E+00
  0.67900000  3.55979E+00  9.94722E-01 -3.29444E-02  2.82545E-01  8.19982E-01  2.95878E-01  4.46328E-01  1.92239E-01  6.66666E+00
  0.68000000  3.56522E+00  9.94712E-01 -3.30046E-02  2.81506E-01  8.19397E-01  2.94893E-01  4.44527E-01  1.92232E-01  6.70074E+00
  0.68100000  3.57067E+00  9.94702E-01 -3.30647E-02  2.80467E-01  8.18812E-01  2.93909E-01  4.42716E-01  1.92226E-01  6.73510E+00
  0.68200000  3.57615E+00  9.94693E-01 -3.31247E-02  2.79427E-01  8.18225E-01  2.92926E-01  4.40894E-01  1.92220E-01  6.76973E+00
  0.68300000  3.58165E+00  9.94683E-01 -3.31846E-02  2.78385E-01  8.17637E-01  2.91944E-01  4.39064E-01  1.92214E-01  6.80463E+00
  0.68400000  3.58718E+00  9.94674E-01 -3.32443E-02  2.77343E-01  8.17048E-01  2.90963E-01  4.37225E-01  1.92209E-01  6.83981E+00
  0.68500000  3.59272E+00  9.94664E-01 -3.33039E-02  2.76301E-01  8.16458E-01  2.89983E-01  4.35379E-01  1.92202E-01  6.87527E+00
  0.68600000  3.59829E+00  9.94655E-01 -3.33634E-02  2.75257E-01  8.15867E-01  2.89004E-01  4.33526E-01  1.92196E-01  6.91101E+00
  0.68700000  3.60389E+00  9.94645E-01 -3.34228E-02  2.74213E-01  8.15275E-01  2.88026E-01  4.31669E-01  1.92189E-01  6.94703E+00
  0.68800000  3.60950E+00  9.94636E-01 -3.34820E-02  2.73167E-01  8.14682E-01  2.87050E-01  4.29807E-01  1.92181E-01  6.98334E+00
  0.68900000  3.61514E+00  9.94626E-01 -3.35412E-02  2.72121E-01  8.14088E-01  2.86074E-01  4.27942E-01  1.92171E-01  7.01993E+00
  0.69000000  3.62080E+00  9.94617E-01 -3.36001E-02  2.71074E-01  8.13492E-01  2.85099E-01  4.26074E-01  1.92161E-01  7.05682E+00
  0.69100000  3.62648E+00  9.94608E-01 -3.36590E-02  2.70026E-01  8.12896E-01  2.84126E-01  4.24205E-01  1.92148E-01  7.09400E+00
  0.69200000  3.63219E+00  9.94599E-01 -3.37178E-02  2.68976E-01  8.12298E-01  2.83153E-01  4.22334E-01  1.92135E-01  7.13147E+00
  0.69300000  3.63792E+00  9.94590E-01 -3.37764E-02  2.67926E-01  8.11699E-01  2.82182E-01  4.20459E-01  1.92120E-01  7.16924E+00
  0.69400000  3.64367E+00  9.94581E-01 -3.38349E-02  2.66874E-01  8.11099E-01  2.81211E-01  4.18581E-01  1.92104E-01  7.20731E+00
  0.69500000  3.64944E+00  9.94572E-01 -3.38933E-02  2.65822E-01  8.10498E-01  2.80242E-01  4.16697E-01  1.92088E-01  7.24570E+00
  0.69600000  3.65523E+00  9.94563E-01 -3.39515E-02  2.64768E-01  8.09896E-01  2.79273E-01  4.14807E-01  1.92071E-01  7.28439E+00
  0.69700000  3.66105E+00  9.94554E-01 -3.40097E-02  2.63713E-01  8.09293E-01  2.78306E-01  4.12909E-01  1.92053E-01  7.32341E+00
  0.69800000  3.66689E+00  9.94546E-01 -3.40677E-02  2.62658E-01  8.08689E-01  2.77340E-01  4.11004E-01  1.92036E-01  7.36274E+00
  0.69900000  3.67275E+00  9.94537E-01 -3.41256E-02  2.61601E-01  8.08084E-01  2.76375E-01  4.09089E-01  1.92018E-01  7.40240E+00
  0.70000000  3.67864E+00  9.94529E-01 -3.41833E-02  2.60543E-01  8.07477E-01  2.75410E-01  4.07164E-01  1.92001E-01  7.44238E+00
  0.70100000  3.68455E+00  9.94520E-01 -3.42410E-02  2.59485E-01  8.06870E-01  2.74447E-01  4.05227E-01  1.91985E-01  7.48270E+00
  0.70200000  3.69048E+00  9.94511E-01 -3.42985E-02  2.58425E-01  8.06261E-01  2.73485E-01  4.03280E-01  1.91969E-01  7.52336E+00
  0.70300000  3.69643E+00  9.94503E-01 -3.43559E-02  2.57365E-01  8.05651E-01  2.72524E-01  4.01322E-01  1.91953E-01  7.56436E+00
  0.70400000  3.70241E+00  9.94494E-01 -3.44132E-02  2.56303E-01  8.05040E-01  2.71564E-01  3.99355E-01  1.91938E-01  7.60571E+00
  0.70500000  3.70841E+00  9.94486E-01 -3.44704E-02  2.55240E-01  8.04428E-01  2.70606E-01  3.97379E-01  1.91922E-01  7.64740E+00
  0.70600000  3.71443E+00  9.94478E-01 -3.45274E-02  2.54176E-01  8.03814E-01  2.69648E-01  3.95394E-01  1.91907E-01  7.68945E+00
  0.70700000  3.72048E+00  9.94469E-01 -3.45844E-02  2.53111E-01  8.03200E-01  2.68691E-01  3.93401E-01  1.91891E-01  7.73184E+00
  0.70800000  3.72655E+00  9.94461E-01 -3.46412E-02  2.52045E-01  8.02584E-01  2.67735E-01  3.91400E-01  1.91876E-01  7.77460E+00
  0.70900000  3.73264E+00  9.94453E-01 -3.46979E-02  2.50978E-01  8.01967E-01  2.66781E-01  3.89393E-01  1.91859E-01  7.81772E+00
  0.71000000  3.73876E+00  9.94445E-01 -3.47544E-02  2.49910E-01  8.01349E-01  2.65827E-01  3.87379E-01  1.91843E-01  7.86121E+00
  0.71100000  3.74490E+00  9.94437E-01 -3.48109E-02  2.48841E-01  8.00730E-01  2.64874E-01  3.85360E-01  1.91825E-01  7.90506E+00
  0.71200000  3.75106E+00  9.94429E-01 -3.48672E-02  2.47771E-01  8.00110E-01  2.63923E-01  3.83335E-01  1.91807E-01  7.94929E+00
  0.71300000  3.75725E+00  9.94421E-01 -3.49235E-02  2.46699E-01  7.99489E-01  2.62972E-01  3.81303E-01  1.91789E-01  7.99389E+00
  0.71400000  3.76346E+00  9.94413E-01 -3.49796E-02  2.45627E-01  7.98866E-01  2.62023E-01  3.79265E-01  1.91770E-01  8.03888E+00
  0.71500000  3.76969E+00  9.94405E-01 -3.50356E-02  2.44554E-01  7.98243E-01  2.61074E-01  3.77221E-01  1.91751E-01  8.08425E+00
  0.71600000  3.77595E+00  9.94398E-01 -3.50914E-02  2.43480E-01  7.97618E-01  2.60127E-01  3.75169E-01  1.91732E-01  8.13002E+00
  0.71700000  3.78222E+00  9.94390E-01 -3.51472E-02  2.42405E-01  7.96992E-01  2.59180E-01  3.73111E-01  1.91712E-01  8.17618E+00
  0.71800000  3.78852E+00  9.94383E-01 -3.52028E-02  2.41329E-01  7.96366E-01  2.58235E-01  3.71045E-01  1.91692E-01  8.22274E+00
  0.71900000  3.79485E+00  9.94375E-01 -3.52583E-02  2.40252E-01  7.95738E-01  2.57291E-01  3.68971E-01  1.91673E-01  8.26971E+00
  0.72000000  3.80119E+00  9.94368E-01 -3.53137E-02  2.39175E-01  7.95109E-01  2.56348E-01  3.66889E-01  1.91653E-01  8.31708E+00
  0.72100000  3.80756E+00  9.94360E-01 -3.53690E-02  2.38096E-01  7.94479E-01  2.55405E-01  3.64800E-01  1.91633E-01  8.36487E+00
  0.72200000  3.81395E+00  9.94353E-01 -3.54242E-02  2.37016E-01  7.93848E-01  2.54464E-01  3.62702E-01  1.91614E-01  8.41308E+00
  0.72300000  3.82036E+00  9.94346E-01 -3.54792E-02  2.35936E-01  7.93215E-01  2.53524E-01  3.60596E-01  1.91594E-01  8.46171E+00
  0.72400000  3.82679E+00  9.94339E-01 -3.55342E-02  2.34854E-01  7.92582E-01  2.52585E-01  3.58482E-01  1.91575E-01  8.51077E+00
  0.72500000  3.83325E+00  9.94332E-01 -3.55890E-02  2.33771E-01  7.91948E-01  2.51647E-01  3.56360E-01  1.91556E-01  8.56027E+00
  0.72600000  3.83973E+00  9.94325E-01 -3.56437E-02  2.32688E-01  7.91312E-01  2.50710E-01  3.54231E-01  1.91537E-01  8.61021E+00
  0.72700000  3.84623E+00  9.94318E-01 -3.56983E-02  2.31604E-01  7.90675E-01  2.49774E-01  3.52094E-01  1.91518E-01  8.66059E+00
  0.72800000  3.85275E+00  9.94311E-01 -3.57528E-02  2.30519E-01  7.90038E-01  2.48839E-01  3.49950E-01  1.91500E-01  8.71142E+00
  0.72900000  3.85930E+00  9.94304E-01 -3.58071E-02  2.29433E-01  7.89399E-01  2.47905E-01  3.47799E-01  1.91481E-01  8.76272E+00
  0.73000000  3.86587E+00  9.94297E-01 -3.58614E-02  2.28347E-01  7.88758E-01  2.46972E-01  3.45640E-01  1.91463E-01  8.81447E+00
  0.73100000  3.87246E+00  9.94290E-01 -3.59155E-02  2.27260E-01  7.88117E-01  2.46041E-01  3.43475E-01  1.91445E-01  8.86669E+00
  0.73200000  3.87908E+00  9.94284E-01 -3.59696E-02  2.26172E-01  7.87474E-01  2.45110E-01  3.41303E-01  1.91427E-01  8.91939E+00
  0.73300000  3.88572E+00  9.94277E-01 -3.60235E-02  2.25084E-01  7.86831E-01  2.44180E-01  3.39124E-01  1.91409E-01  8.97257E+00
  0.73400000  3.89238E+00  9.94270E-01 -3.60773E-02  2.23995E-01  7.86186E-01  2.43251E-01  3.36940E-01  1.91391E-01  9.02623E+00
  0.73500000  3.89907E+00  9.94263E-01 -3.61309E-02  2.22905E-01  7.85540E-01  2.42324E-01  3.34751E-01  1.91373E-01  9.08038E+00
  0.73600000  3.90578E+00  9.94257E-01 -3.61845E-02  2.21815E-01  7.84892E-01  2.41397E-01  3.32556E-01  1.91355E-01  9.13503E+00
  0.73700000  3.91251E+00  9.94251E-01 -3.62380E-02  2.20723E-01  7.84244E-01  2.40471E-01  3.30357E-01  1.91336E-01  9.19017E+00
  0.73800000  3.91927E+00  9.94245E-01 -3.62913E-02  2.19631E-01  7.83594E-01  2.39547E-01  3.28153E-01  1.91318E-01  9.24583E+00
  0.73900000  3.92605E+00  9.94238E-01 -3.63445E-02  2.18539E-01  7.82944E-01  2.38623E-01  3.25945E-01  1.91299E-01  9.30199E+00
  0.74000000  3.93285E+00  9.94232E-01 -3.63977E-02  2.17446E-01  7.82292E-01  2.37701E-01  3.23734E-01  1.91279E-01  9.35868E+00
  0.74100000  3.93968E+00  9.94225E-01 -3.64507E-02  2.16352E-01  7.81639E-01  2.36779E-01  3.21520E-01  1.91259E-01  9.41588E+00
  0.74200000  3.94653E+00  9.94219E-01 -3.65036E-02  2.15258E-01  7.80985E-01  2.35859E-01  3.19301E-01  1.91238E-01  9.47362E+00
  0.74300000  3.95340E+00  9.94213E-01 -3.65564E-02  2.14165E-01  7.80330E-01  2.34939E-01  3.17079E-01  1.91218E-01  9.53189E+00
  0.74400000  3.96030E+00  9.94207E-01 -3.66090E-02  2.13071E-01  7.79674E-01  2.34021E-01  3.14851E-01  1.91198E-01  9.59071E+00
  0.74500000  3.96722E+00  9.94201E-01 -3.66616E-02  2.11976E-01  7.79016E-01  2.33104E-01  3.12618E-01  1.91178E-01  9.65009E+00
  0.74600000  3.97416E+00  9.94195E-01 -3.67141E-02  2.10881E-01  7.78358E-01  2.32187E-01  3.10378E-01  1.91159E-01  9.71002E+00
  0.74700000  3.98112E+00  9.94189E-01 -3.67664E-02  2.09786E-01  7.77698E-01  2.31272E-01  3.08131E-01  1.91140E-01  9.77052E+00
  0.74800000  3.98811E+00  9.94183E-01 -3.68186E-02  2.08690E-01  7.77038E-01  2.30358E-01  3.05877E-01  1.91124E-01  9.83159E+00
  0.74900000  3.99513E+00  9.94177E-01 -3.68708E-02  2.07594E-01  7.76376E-01  2.29444E-01  3.03614E-01  1.91108E-01  9.89325E+00
  0.75000000  4.00216E+00  9.94172E-01 -3.69228E-02  2.06497E-01  7.75713E-01  2.28532E-01  3.01343E-01  1.91095E-01  9.95550E+00
  0.75100000  4.00922E+00  9.94166E-01 -3.69747E-02  2.05400E-01  7.75049E-01  2.27621E-01  2.99062E-01  1.91083E-01  1.00183E+01
  0.75200000  4.01630E+00  9.94160E-01 -3.70265E-02  2.04303E-01  7.74384E-01  2.26711E-01  2.96773E-01  1.91073E-01  1.00818E+01
  0.75300000  4.02340E+00  9.94155E-01 -3.70781E-02  2.03206E-01  7.73717E-01  2.25802E-01  2.94476E-01  1.91065E-01  1.01459E+01
  0.75400000  4.03053E+00  9.94149E-01 -3.71297E-02  2.02110E-01  7.73050E-01  2.24894E-01  2.92174E-01  1.91057E-01  1.02106E+01
  0.75500000  4.03768E+00  9.94143E-01 -3.71812E-02  2.01013E-01  7.72381E-01  2.23987E-01  2.89867E-01  1.91050E-01  1.02759E+01
  0.75600000  4.04485E+00  9.94138E-01 -3.72325E-02  1.99917E-01  7.71712E-01  2.23081E-01  2.87557E-01  1.91044E-01  1.03418E+01
  0.75700000  4.05205E+00  9.94132E-01 -3.72838E-02  1.98821E-01  7.71041E-01  2.22176E-01  2.85245E-01  1.91037E-01  1.04084E+01
  0.75800000  4.05926E+00  9.94127E-01 -3.73349E-02  1.97725E-01  7.70369E-01  2.21272E-01  2.82932E-01  1.91029E-01  1.04756E+01
  0.75900000  4.06651E+00  9.94122E-01 -3.73859E-02  1.96629E-01  7.69695E-01  2.20369E-01  2.80620E-01  1.91021E-01  1.05435E+01
  0.76000000  4.07377E+00  9.94116E-01 -3.74369E-02  1.95532E-01  7.69021E-01  2.19467E-01  2.78310E-01  1.91011E-01  1.06121E+01
  0.76100000  4.08106E+00  9.94111E-01 -3.74877E-02  1.94436E-01  7.68345E-01  2.18566E-01  2.76003E-01  1.91000E-01  1.06813E+01
  0.76200000  4.08837E+00  9.94105E-01 -3.75384E-02  1.93340E-01  7.67668E-01  2.17666E-01  2.73697E-01  1.90988E-01  1.07512E+01
  0.76300000  4.09570E+00  9.94100E-01 -3.75890E-02  1.92244E-01  7.66990E-01  2.16767E-01  2.71392E-01  1.90975E-01  1.08218E+01
  0.76400000  4.10306E+00  9.94095E-01 -3.76394E-02  1.91148E-01  7.66310E-01  2.15869E-01  2.69085E-01  1.90963E-01  1.08931E+01
  0.76500000  4.11044E+00  9.94090E-01 -3.76898E-02  1.90053E-01  7.65630E-01  2.14972E-01  2.66776E-01  1.90951E-01  1.09651E+01
  0.76600000  4.11784E+00  9.94085E-01 -3.77401E-02  1.88959E-01  7.64948E-01  2.14076E-01  2.64463E-01  1.90941E-01  1.10379E+01
  0.76700000  4.12527E+00  9.94080E-01 -3.77903E-02  1.87866E-01  7.64265E-01  2.13181E-01  2.62144E-01  1.90933E-01  1.11113E+01
  0.76800000  4.13272E+00  9.94075E-01 -3.78403E-02  1.86773E-01  7.63581E-01  2.12287E-01  2.59818E-01  1.90927E-01  1.11855E+01
  0.76900000  4.14019E+00  9.94070E-01 -3.78903E-02  1.85681E-01  7.62896E-01  2.11395E-01  2.57484E-01  1.90926E-01  1.12605E+01
  0.77000000  4.14769E+00  9.94065E-01 -3.79401E-02  1.84590E-01  7.62210E-01  2.10503E-01  2.55139E-01  1.90928E-01  1.13362E+01
  0.77100000  4.15521E+00  9.94061E-01 -3.79899E-02  1.83499E-01  7.61522E-01  2.09612E-01  2.52782E-01  1.90935E-01  1.14127E+01
  0.77200000  4.16276E+00  9.94056E-01 -3.80395E-02  1.82408E-01  7.60834E-01  2.08722E-01  2.50416E-01  1.90946E-01  1.14900E+01
  0.77300000  4.17033E+00  9.94051E-01 -3.80890E-02  1.81318E-01  7.60145E-01  2.07834E-01  2.48043E-01  1.90960E-01  1.15681E+01
  0.77400000  4.17792E+00  9.94046E-01 -3.81384E-02  1.80228E-01  7.59454E-01  2.06946E-01  2.45665E-01  1.90977E-01  1.16469E+01
  0.77500000  4.18553E+00  9.94041E-01 -3.81877E-02  1.79139E-01  7.58762E-01  2.06059E-01  2.43285E-01  1.90995E-01  1.17266E+01
  0.77600000  4.19317E+00  9.94036E-01 -3.82369E-02  1.78051E-01  7.58069E-01  2.05173E-01  2.40904E-01  1.91015E-01  1.18071E+01
  0.77700000  4.20083E+00  9.94032E-01 -3.82860E-02  1.76965E-01  7.57375E-01  2.04289E-01  2.38525E-01  1.91034E-01  1.18885E+01
  0.77800000  4.20852E+00  9.94028E-01 -3.83350E-02  1.75880E-01  7.56680E-01  2.03405E-01  2.36151E-01  1.91052E-01  1.19707E+01
  0.77900000  4.21623E+00  9.94023E-01 -3.83839E-02  1.74796E-01  7.55984E-01  2.02522E-01  2.33784E-01  1.91069E-01  1.20537E+01
  0.78000000  4.22396E+00  9.94018E-01 -3.84327E-02  1.73713E-01  7.55286E-01  2.01640E-01  2.31426E-01  1.91083E-01  1.21376E+01
  0.78100000  4.23171E+00  9.94013E-01 -3.84814E-02  1.72632E-01  7.54587E-01  2.00759E-01  2.29080E-01  1.91094E-01  1.22223E+01
  0.78200000  4.23949E+00  9.94009E-01 -3.85300E-02  1.71552E-01  7.53887E-01  1.99879E-01  2.26743E-01  1.91103E-01  1.23080E+01
  0.78300000  4.24729E+00  9.94005E-01 -3.85784E-02  1.70473E-01  7.53186E-01  1.99000E-01  2.24413E-01  1.91111E-01  1.23945E+01
  0.78400000  4.25512E+00  9.94000E-01 -3.86268E-02  1.69395E-01  7.52483E-01  1.98122E-01  2.22088E-01  1.91119E-01  1.24820E+01
  0.78500000  4.26296E+00  9.93996E-01 -3.86751E-02  1.68318E-01  7.51779E-01  1.97245E-01  2.19766E-01  1.91128E-01  1.25703E+01
  0.78600000  4.27083E+00  9.93992E-01 -3.87232E-02  1.67243E-01  7.51074E-01  1.96369E-01  2.17444E-01  1.91140E-01  1.26597E+01
  0.78700000  4.27873E+00  9.93987E-01 -3.87713E-02  1.66168E-01  7.50368E-01  1.95494E-01  2.15120E-01  1.91156E-01  1.27499E+01
  0.78800000  4.28664E+00  9.93983E-01 -3.88192E-02  1.65096E-01  7.49661E-01  1.94620E-01  2.12792E-01  1.91177E-01  1.28412E+01
  0.78900000  4.29459E+00  9.93978E-01 -3.88670E-02  1.64025E-01  7.48953E-01  1.93746E-01  2.10456E-01  1.91204E-01  1.29334E+01
  0.79000000  4.30255E+00  9.93974E-01 -3.89148E-02  1.62956E-01  7.48243E-01  1.92874E-01  2.08111E-01  1.91238E-01  1.30267E+01
  0.79100000  4.31054E+00  9.93969E-01 -3.89624E-02  1.61890E-01  7.47532E-01  1.92003E-01  2.05756E-01  1.91281E-01  1.31210E+01
  0.79200000  4.31855E+00  9.93965E-01 -3.90099E-02  1.60825E-01  7.46821E-01  1.91132E-01  2.03392E-01  1.91331E-01  1.32163E+01
  0.79300000  4.32659E+00  9.93961E-01 -3.90574E-02  1.59763E-01  7.46108E-01  1.90262E-01  2.01022E-01  1.91388E-01  1.33127E+01
  0.79400000  4.33464E+00  9.93956E-01 -3.91047E-02  1.58702E-01  7.45394E-01  1.89393E-01  1.98651E-01  1.91448E-01  1.34102E+01
  0.79500000  4.34273E+00  9.93952E-01 -3.91519E-02  1.57643E-01  7.44678E-01  1.88526E-01  1.96280E-01  1.91513E-01  1.35087E+01
  0.79600000  4.35083E+00  9.93948E-01 -3.91990E-02  1.56585E-01  7.43962E-01  1.87659E-01  1.93913E-01  1.91579E-01  1.36084E+01
  0.79700000  4.35896E+00  9.93943E-01 -3.92460E-02  1.55529E-01  7.43244E-01  1.86793E-01  1.91554E-01  1.91646E-01  1.37091E+01
  0.79800000  4.36711E+00  9.93940E-01 -3.92930E-02  1.54475E-01  7.42526E-01  1.85927E-01  1.89206E-01  1.91712E-01  1.38109E+01
  0.79900000  4.37528E+00  9.93936E-01 -3.93398E-02  1.53424E-01  7.41806E-01  1.85063E-01  1.86871E-01  1.91776E-01  1.39139E+01
  0.80000000  4.38348E+00  9.93932E-01 -3.93865E-02  1.52375E-01  7.41084E-01  1.84200E-01  1.84554E-01  1.91836E-01  1.40180E+01
  0.80100000  4.39170E+00  9.93928E-01 -3.94331E-02  1.51328E-01  7.40362E-01  1.83337E-01  1.82257E-01  1.91892E-01  1.41232E+01
  0.80200000  4.39994E+00  9.93924E-01 -3.94796E-02  1.50285E-01  7.39638E-01  1.82476E-01  1.79978E-01  1.91945E-01  1.42297E+01
  0.80300000  4.40820E+00  9.93920E-01 -3.95260E-02  1.49244E-01  7.38914E-01  1.81615E-01  1.77715E-01  1.91996E-01  1.43373E+01
  0.80400000  4.41649E+00  9.93916E-01 -3.95723E-02  1.48206E-01  7.38188E-01  1.80755E-01  1.75466E-01  1.92046E-01  1.44461E+01
  0.80500000  4.42480E+00  9.93913E-01 -3.96185E-02  1.47171E-01  7.37461E-01  1.79896E-01  1.73228E-01  1.92098E-01  1.45562E+01
  0.80600000  4.43314E+00  9.93909E-01 -3.96645E-02  1.46138E-01  7.36732E-01  1.79038E-01  1.70998E-01  1.92153E-01  1.46676E+01
  0.80700000  4.44149E+00  9.93905E-01 -3.97105E-02  1.45107E-01  7.36003E-01  1.78180E-01  1.68775E-01  1.92212E-01  1.47802E+01
  0.80800000  4.44988E+00  9.93901E-01 -3.97564E-02  1.44078E-01  7.35272E-01  1.77324E-01  1.66555E-01  1.92277E-01  1.48941E+01
  0.80900000  4.45828E+00  9.93897E-01 -3.98022E-02  1.43052E-01  7.34540E-01  1.76468E-01  1.64337E-01  1.92350E-01  1.50094E+01
  0.81000000  4.46671E+00  9.93894E-01 -3.98478E-02  1.42029E-01  7.33807E-01  1.75614E-01  1.62117E-01  1.92433E-01  1.51260E+01
  0.81100000  4.47516E+00  9.93890E-01 -3.98934E-02  1.41010E-01  7.33072E-01  1.74760E-01  1.59894E-01  1.92525E-01  1.52440E+01
  0.81200000  4.48364E+00  9.93887E-01 -3.99389E-02  1.39993E-01  7.32337E-01  1.73906E-01  1.57670E-01  1.92628E-01  1.53634E+01
  0.81300000  4.49215E+00  9.93883E-01 -3.99842E-02  1.38980E-01  7.31600E-01  1.73054E-01  1.55449E-01  1.92737E-01  1.54843E+01
  0.81400000  4.50067E+00  9.93879E-01 -4.00294E-02  1.37971E-01  7.30862E-01  1.72203E-01  1.53232E-01  1.92853E-01  1.56066E+01
  0.81500000  4.50923E+00  9.93875E-01 -4.00746E-02  1.36966E-01  7.30123E-01  1.71352E-01  1.51024E-01  1.92973E-01  1.57303E+01
  0.81600000  4.51780E+00  9.93872E-01 -4.01196E-02  1.35963E-01  7.29383E-01  1.70502E-01  1.48828E-01  1.93096E-01  1.58555E+01
  0.81700000  4.52641E+00  9.93868E-01 -4.01645E-02  1.34964E-01  7.28641E-01  1.69653E-01  1.46646E-01  1.93220E-01  1.59822E+01
  0.81800000  4.53504E+00  9.93865E-01 -4.02093E-02  1.33967E-01  7.27899E-01  1.68805E-01  1.44482E-01  1.93344E-01  1.61104E+01
  0.81900000  4.54369E+00  9.93861E-01 -4.02540E-02  1.32974E-01  7.27155E-01  1.67957E-01  1.42339E-01  1.93465E-01  1.62402E+01
  0.82000000  4.55237E+00  9.93858E-01 -4.02986E-02  1.31984E-01  7.26410E-01  1.67111E-01  1.40220E-01  1.93582E-01  1.63715E+01
  0.82100000  4.56108E+00  9.93854E-01 -4.03431E-02  1.30998E-01  7.25664E-01  1.66265E-01  1.38128E-01  1.93694E-01  1.65044E+01
  0.82200000  4.56981E+00  9.93850E-01 -4.03875E-02  1.30016E-01  7.24917E-01  1.65420E-01  1.36061E-01  1.93801E-01  1.66389E+01
  0.82300000  4.57856E+00  9.93847E-01 -4.04317E-02  1.29038E-01  7.24168E-01  1.64576E-01  1.34017E-01  1.93907E-01  1.67751E+01
  0.82400000  4.58735E+00  9.93844E-01 -4.04759E-02  1.28064E-01  7.23418E-01  1.63732E-01  1.31995E-01  1.94011E-01  1.69129E+01
  0.82500000  4.59616E+00  9.93840E-01 -4.05199E-02  1.27094E-01  7.22667E-01  1.62889E-01  1.29993E-01  1.94117E-01  1.70524E+01
  0.82600000  4.60499E+00  9.93837E-01 -4.05638E-02  1.26129E-01  7.21915E-01  1.62047E-01  1.28008E-01  1.94226E-01  1.71937E+01
  0.82700000  4.61385E+00  9.93833E-01 -4.06076E-02  1.25168E-01  7.21162E-01  1.61206E-01  1.26039E-01  1.94339E-01  1.73367E+01
  0.82800000  4.62274E+00  9.93830E-01 -4.06513E-02  1.24210E-01  7.20407E-01  1.60365E-01  1.24083E-01  1.94459E-01  1.74815E+01
  0.82900000  4.63165E+00  9.93826E-01 -4.06948E-02  1.23257E-01  7.19652E-01  1.59526E-01  1.22138E-01  1.94587E-01  1.76281E+01
  0.83000000  4.64059E+00  9.93823E-01 -4.07383E-02  1.22307E-01  7.18895E-01  1.58687E-01  1.20202E-01  1.94725E-01  1.77767E+01
  0.83100000  4.64956E+00  9.93820E-01 -4.07816E-02  1.21362E-01  7.18136E-01  1.57849E-01  1.18275E-01  1.94873E-01  1.79271E+01
  0.83200000  4.65855E+00  9.93816E-01 -4.08248E-02  1.20421E-01  7.17377E-01  1.57011E-01  1.16357E-01  1.95032E-01  1.80794E+01
  0.83300000  4.66757E+00  9.93813E-01 -4.08678E-02  1.19485E-01  7.16616E-01  1.56174E-01  1.14450E-01  1.95199E-01  1.82338E+01
  0.83400000  4.67661E+00  9.93809E-01 -4.09108E-02  1.18553E-01  7.15854E-01  1.55338E-01  1.12557E-01  1.95373E-01  1.83901E+01
  0.83500000  4.68569E+00  9.93806E-01 -4.09536E-02  1.17627E-01  7.15091E-01  1.54503E-01  1.10681E-01  1.95551E-01  1.85485E+01
  0.83600000  4.69479E+00  9.93803E-01 -4.09963E-02  1.16705E-01  7.14326E-01  1.53669E-01  1.08823E-01  1.95732E-01  1.87089E+01
  0.83700000  4.70392E+00  9.93800E-01 -4.10388E-02  1.15789E-01  7.13561E-01  1.52835E-01  1.06986E-01  1.95915E-01  1.88714E+01
  0.83800000  4.71308E+00  9.93796E-01 -4.10813E-02  1.14877E-01  7.12794E-01  1.52002E-01  1.05171E-01  1.96097E-01  1.90361E+01
  0.83900000  4.72227E+00  9.93793E-01 -4.11236E-02  1.13970E-01  7.12026E-01  1.51169E-01  1.03383E-01  1.96277E-01  1.92029E+01
  0.84000000  4.73149E+00  9.93790E-01 -4.11657E-02  1.13067E-01  7.11257E-01  1.50337E-01  1.01621E-01  1.96452E-01  1.93719E+01
  0.84100000  4.74074E+00  9.93786E-01 -4.12078E-02  1.12170E-01  7.10487E-01  1.49506E-01  9.98897E-02  1.96623E-01  1.95432E+01
  0.84200000  4.75002E+00  9.93783E-01 -4.12497E-02  1.11277E-01  7.09715E-01  1.48676E-01  9.81866E-02  1.96789E-01  1.97168E+01
  0.84300000  4.75933E+00  9.93780E-01 -4.12915E-02  1.10389E-01  7.08942E-01  1.47846E-01  9.65106E-02  1.96953E-01  1.98926E+01
  0.84400000  4.76867E+00  9.93777E-01 -4.13331E-02  1.09506E-01  7.08169E-01  1.47017E-01  9.48602E-02  1.97116E-01  2.00709E+01
  0.84500000  4.77804E+00  9.93773E-01 -4.13746E-02  1.08628E-01  7.07394E-01  1.46189E-01  9.32338E-02  1.97280E-01  2.02516E+01
  0.84600000  4.78744E+00  9.93770E-01 -4.14160E-02  1.07756E-01  7.06617E-01  1.45361E-01  9.16299E-02  1.97446E-01  2.04347E+01
  0.84700000  4.79687E+00  9.93767E-01 -4.14572E-02  1.06889E-01  7.05840E-01  1.44535E-01  9.00469E-02  1.97615E-01  2.06204E+01
  0.84800000  4.80633E+00  9.93764E-01 -4.14983E-02  1.06027E-01  7.05061E-01  1.43708E-01  8.84833E-02  1.97791E-01  2.08086E+01
  0.84900000  4.81583E+00  9.93761E-01 -4.15392E-02  1.05171E-01  7.04281E-01  1.42883E-01  8.69375E-02  1.97974E-01  2.09995E+01
  0.85000000  4.82535E+00  9.93757E-01 -4.15800E-02  1.04320E-01  7.03500E-01  1.42058E-01  8.54079E-02  1.98165E-01  2.11930E+01
  0.85100000  4.83490E+00  9.93754E-01 -4.16207E-02  1.03474E-01  7.02718E-01  1.41234E-01  8.38933E-02  1.98367E-01  2.13893E+01
  0.85200000  4.84449E+00  9.93751E-01 -4.16612E-02  1.02634E-01  7.01935E-01  1.40410E-01  8.23946E-02  1.98578E-01  2.15883E+01
  0.85300000  4.85411E+00  9.93748E-01 -4.17016E-02  1.01799E-01  7.01150E-01  1.39587E-01  8.09130E-02  1.98796E-01  2.17902E+01
  0.85400000  4.86375E+00  9.93745E-01 -4.17419E-02  1.00969E-01  7.00364E-01  1.38765E-01  7.94497E-02  1.99019E-01  2.19950E+01
  0.85500000  4.87343E+00  9.93741E-01 -4.17820E-02  1.00144E-01  6.99577E-01  1.37943E-01  7.80061E-02  1.99247E-01  2.22027E+01
  0.85600000  4.88314E+00  9.93738E-01 -4.18219E-02  9.93247E-02  6.98788E-01  1.37122E-01  7.65833E-02  1.99477E-01  2.24134E+01
  0.85700000  4.89288E+00  9.93735E-01 -4.18618E-02  9.85108E-02  6.97998E-01  1.36302E-01  7.51827E-02  1.99709E-01  2.26272E+01
  0.85800000  4.90265E+00  9.93732E-01 -4.19014E-02  9.77023E-02  6.97208E-01  1.35482E-01  7.38055E-02  1.99939E-01  2.28441E+01
  0.85900000  4.91245E+00  9.93729E-01 -4.19410E-02  9.68993E-02  6.96415E-01  1.34663E-01  7.24530E-02  2.00167E-01  2.30642E+01
  0.86000000  4.92228E+00  9.93726E-01 -4.19803E-02  9.61019E-02  6.95622E-01  1.33845E-01  7.11267E-02  2.00391E-01  2.32875E+01
  0.86100000  4.93214E+00  9.93723E-01 -4.20196E-02  9.53102E-02  6.94827E-01  1.33027E-01  6.98272E-02  2.00609E-01  2.35142E+01
  0.86200000  4.94203E+00  9.93720E-01 -4.20587E-02  9.45241E-02  6.94031E-01  1.32209E-01  6.85539E-02  2.00824E-01  2.37442E+01
  0.86300000  4.95196E+00  9.93717E-01 -4.20976E-02  9.37434E-02  6.93234E-01  1.31393E-01  6.73056E-02  2.01036E-01  2.39777E+01
  0.86400000  4.96191E+00  9.93714E-01 -4.21364E-02  9.29682E-02  6.92435E-01  1.30577E-01  6.60809E-02  2.01247E-01  2.42148E+01
  0.86500000  4.97190E+00  9.93710E-01 -4.21751E-02  9.21984E-02  6.91635E-01  1.29761E-01  6.48787E-02  2.01459E-01  2.44554E+01
  0.86600000  4.98192E+00  9.93707E-01 -4.22136E-02  9.14338E-02  6.90834E-01  1.28946E-01  6.36977E-02  2.01674E-01  2.46997E+01
  0.86700000  4.99197E+00  9.93703E-01 -4.22519E-02  9.06744E-02  6.90032E-01  1.28132E-01  6.25366E-02  2.01892E-01  2.49478E+01
  0.86800000  5.00206E+00  9.93700E-01 -4.22901E-02  8.99203E-02  6.89229E-01  1.27318E-01  6.13941E-02  2.02117E-01  2.51998E+01
  0.86900000  5.01218E+00  9.93697E-01 -4.23282E-02  8.91717E-02  6.88424E-01  1.26505E-01  6.02691E-02  2.02349E-01  2.54556E+01
  0.87000000  5.02233E+00  9.93694E-01 -4.23661E-02  8.84287E-02  6.87618E-01  1.25693E-01  5.91601E-02  2.02591E-01  2.57155E+01
  0.87100000  5.03252E+00  9.93691E-01 -4.24038E-02  8.76912E-02  6.86811E-01  1.24881E-01  5.80663E-02  2.02843E-01  2.59796E+01
  0.87200000  5.04274E+00  9.93688E-01 -4.24415E-02  8.69594E-02  6.86003E-01  1.24069E-01  5.69880E-02  2.03104E-01  2.62478E+01
  0.87300000  5.05300E+00  9.93685E-01 -4.24789E-02  8.62332E-02  6.85194E-01  1.23259E-01  5.59258E-02  2.03372E-01  2.65203E+01
  0.87400000  5.06330E+00  9.93682E-01 -4.25162E-02  8.55121E-02  6.84383E-01  1.22448E-01  5.48805E-02  2.03647E-01  2.67973E+01
  0.87500000  5.07363E+00  9.93679E-01 -4.25534E-02  8.47960E-02  6.83571E-01  1.21639E-01  5.38529E-02  2.03925E-01  2.70787E+01
  0.87600000  5.08399E+00  9.93676E-01 -4.25904E-02  8.40846E-02  6.82758E-01  1.20829E-01  5.28435E-02  2.04206E-01  2.73647E+01
  0.87700000  5.09439E+00  9.93673E-01 -4.26273E-02  8.33779E-02  6.81944E-01  1.20021E-01  5.18531E-02  2.04487E-01  2.76554E+01
  0.87800000  5.10482E+00  9.93670E-01 -4.26640E-02  8.26759E-02  6.81129E-01  1.19213E-01  5.08825E-02  2.04767E-01  2.79510E+01
  0.87900000  5.11528E+00  9.93667E-01 -4.27005E-02  8.19792E-02  6.80313E-01  1.18405E-01  4.99323E-02  2.05045E-01  2.82514E+01
  0.88000000  5.12578E+00  9.93665E-01 -4.27370E-02  8.12885E-02  6.79496E-01  1.17598E-01  4.90033E-02  2.05317E-01  2.85569E+01
  0.88100000  5.13631E+00  9.93662E-01 -4.27732E-02  8.06045E-02  6.78677E-01  1.16791E-01  4.80960E-02  2.05584E-01  2.88676E+01
  0.88200000  5.14688E+00  9.93659E-01 -4.28093E-02  7.99273E-02  6.77857E-01  1.15985E-01  4.72095E-02  2.05847E-01  2.91835E+01
  0.88300000  5.15748E+00  9.93656E-01 -4.28453E-02  7.92568E-02  6.77036E-01  1.15180E-01  4.63428E-02  2.06107E-01  2.95048E+01
  0.88400000  5.16811E+00  9.93653E-01 -4.28811E-02  7.85924E-02  6.76214E-01  1.14375E-01  4.54950E-02  2.06366E-01  2.98317E+01
  0.88500000  5.17878E+00  9.93650E-01 -4.29168E-02  7.79334E-02  6.75390E-01  1.13571E-01  4.46648E-02  2.06626E-01  3.01642E+01
  0.88600000  5.18948E+00  9.93647E-01 -4.29524E-02  7.72787E-02  6.74565E-01  1.12767E-01  4.38513E-02  2.06889E-01  3.05026E+01
  0.88700000  5.20022E+00  9.93644E-01 -4.29879E-02  7.66276E-02  6.73737E-01  1.11963E-01  4.30534E-02  2.07157E-01  3.08469E+01
  0.88800000  5.21099E+00  9.93641E-01 -4.30233E-02  7.59799E-02  6.72909E-01  1.11160E-01  4.22699E-02  2.07432E-01  3.11973E+01
  0.88900000  5.22180E+00  9.93639E-01 -4.30587E-02  7.53359E-02  6.72078E-01  1.10358E-01  4.14999E-02  2.07715E-01  3.15539E+01
  0.89000000  5.23264E+00  9.93636E-01 -4.30940E-02  7.46956E-02  6.71245E-01  1.09556E-01  4.07421E-02  2.08009E-01  3.19170E+01
  0.89100000  5.24352E+00  9.93633E-01 -4.31292E-02  7.40597E-02  6.70410E-01  1.08754E-01  3.99958E-02  2.08314E-01  3.22867E+01
  0.89200000  5.25443E+00  9.93630E-01 -4.31644E-02  7.34286E-02  6.69572E-01  1.07953E-01  3.92613E-02  2.08630E-01  3.26631E+01
  0.89300000  5.26538E+00  9.93627E-01 -4.31995E-02  7.28027E-02  6.68731E-01  1.07153E-01  3.85393E-02  2.08954E-01  3.30464E+01
  0.89400000  5.27636E+00  9.93624E-01 -4.32344E-02  7.21821E-02  6.67886E-01  1.06352E-01  3.78302E-02  2.09284E-01  3.34368E+01
  0.89500000  5.28738E+00  9.93621E-01 -4.32691E-02  7.15667E-02  6.67035E-01  1.05553E-01  3.71349E-02  2.09618E-01  3.38345E+01
  0.89600000  5.29843E+00  9.93618E-01 -4.33035E-02  7.09566E-02  6.66179E-01  1.04754E-01  3.64538E-02  2.09955E-01  3.42396E+01
  0.89700000  5.30952E+00  9.93615E-01 -4.33377E-02  7.03513E-02  6.65317E-01  1.03955E-01  3.57877E-02  2.10292E-01  3.46523E+01
  0.89800000  5.32064E+00  9.93612E-01 -4.33715E-02  6.97507E-02  6.64447E-01  1.03157E-01  3.51371E-02  2.10627E-01  3.50729E+01
  0.89900000  5.33180E+00  9.93610E-01 -4.34051E-02  6.91544E-02  6.63569E-01  1.02359E-01  3.45028E-02  2.10958E-01  3.55014E+01
  0.90000000  5.34300E+00  9.93607E-01 -4.34385E-02  6.85625E-02  6.62683E-01  1.01561E-01  3.38852E-02  2.11283E-01  3.59382E+01
  0.90100000  5.35423E+00  9.93604E-01 -4.34718E-02  6.79748E-02  6.61787E-01  1.00765E-01  3.32850E-02  2.11602E-01  3.63834E+01
  0.90200000  5.36550E+00  9.93602E-01 -4.35050E-02  6.73913E-02  6.60882E-01  9.99681E-02  3.27013E-02  2.11914E-01  3.68373E+01
  0.90300000  5.37680E+00  9.93599E-01 -4.35380E-02  6.68121E-02  6.59965E-01  9.91721E-02  3.21333E-02  2.12224E-01  3.73002E+01
  0.90400000  5.38814E+00  9.93596E-01 -4.35709E-02  6.62372E-02  6.59037E-01  9.83765E-02  3.15801E-02  2.12533E-01  3.77721E+01
  0.90500000  5.39952E+00  9.93594E-01 -4.36036E-02  6.56664E-02  6.58098E-01  9.75813E-02  3.10408E-02  2.12844E-01  3.82535E+01
  0.90600000  5.41093E+00  9.93591E-01 -4.36362E-02  6.50997E-02  6.57145E-01  9.67865E-02  3.05144E-02  2.13158E-01  3.87446E+01
  0.90700000  5.42238E+00  9.93588E-01 -4.36687E-02  6.45370E-02  6.56179E-01  9.59922E-02  3.00000E-02  2.13480E-01  3.92456E+01
  0.90800000  5.43386E+00  9.93586E-01 -4.37010E-02  6.39782E-02  6.55199E-01  9.51983E-02  2.94967E-02  2.13810E-01  3.97569E+01
  0.90900000  5.44538E+00  9.93583E-01 -4.37331E-02  6.34232E-02  6.54204E-01  9.44047E-02  2.90035E-02  2.14152E-01  4.02788E+01
  0.91000000  5.45693E+00  9.93581E-01 -4.37652E-02  6.28721E-02  6.53194E-01  9.36116E-02  2.85195E-02  2.14508E-01  4.08115E+01
  0.91100000  5.46852E+00  9.93578E-01 -4.37971E-02  6.23247E-02  6.52168E-01  9.28188E-02  2.80439E-02  2.14879E-01  4.13554E+01
  0.91200000  5.48014E+00  9.93576E-01 -4.38288E-02  6.17809E-02  6.51125E-01  9.20264E-02  2.75768E-02  2.15264E-01  4.19108E+01
  0.91300000  5.49180E+00  9.93573E-01 -4.38605E-02  6.12407E-02  6.50065E-01  9.12344E-02  2.71187E-02  2.15659E-01  4.24781E+01
  0.91400000  5.50350E+00  9.93570E-01 -4.38919E-02  6.07041E-02  6.48986E-01  9.04428E-02  2.66699E-02  2.16063E-01  4.30576E+01
  0.91500000  5.51523E+00  9.93568E-01 -4.39233E-02  6.01709E-02  6.47889E-01  8.96515E-02  2.62306E-02  2.16471E-01  4.36496E+01
  0.91600000  5.52699E+00  9.93566E-01 -4.39545E-02  5.96411E-02  6.46773E-01  8.88606E-02  2.58014E-02  2.16883E-01  4.42546E+01
  0.91700000  5.53880E+00  9.93563E-01 -4.39856E-02  5.91145E-02  6.45637E-01  8.80701E-02  2.53824E-02  2.17294E-01  4.48728E+01
  0.91800000  5.55064E+00  9.93560E-01 -4.40165E-02  5.85912E-02  6.44480E-01  8.72800E-02  2.49742E-02  2.17703E-01  4.55049E+01
  0.91900000  5.56252E+00  9.93558E-01 -4.40474E-02  5.80710E-02  6.43301E-01  8.64902E-02  2.45770E-02  2.18106E-01  4.61510E+01
  0.92000000  5.57443E+00  9.93555E-01 -4.40781E-02  5.75539E-02  6.42101E-01  8.57008E-02  2.41912E-02  2.18501E-01  4.68118E+01
  0.92100000  5.58638E+00  9.93553E-01 -4.41086E-02  5.70398E-02  6.40877E-01  8.49117E-02  2.38170E-02  2.18886E-01  4.74876E+01
  0.92200000  5.59837E+00  9.93551E-01 -4.41390E-02  5.65286E-02  6.39631E-01  8.41230E-02  2.34536E-02  2.19263E-01  4.81790E+01
  0.92300000  5.61040E+00  9.93548E-01 -4.41693E-02  5.60202E-02  6.38360E-01  8.33347E-02  2.31001E-02  2.19636E-01  4.88864E+01
  0.92400000  5.62246E+00  9.93546E-01 -4.41995E-02  5.55146E-02  6.37065E-01  8.25467E-02  2.27555E-02  2.20009E-01  4.96104E+01
  0.92500000  5.63457E+00  9.93543E-01 -4.42296E-02  5.50116E-02  6.35744E-01  8.17590E-02  2.24189E-02  2.20384E-01  5.03515E+01
  0.92600000  5.64671E+00  9.93541E-01 -4.42595E-02  5.45112E-02  6.34397E-01  8.09717E-02  2.20892E-02  2.20766E-01  5.11103E+01
  0.92700000  5.65889E+00  9.93539E-01 -4.42893E-02  5.40134E-02  6.33023E-01  8.01846E-02  2.17655E-02  2.21157E-01  5.18875E+01
  0.92800000  5.67111E+00  9.93537E-01 -4.43190E-02  5.35179E-02  6.31622E-01  7.93979E-02  2.14468E-02  2.21561E-01  5.26837E+01
  0.92900000  5.68337E+00  9.93534E-01 -4.43485E-02  5.30247E-02  6.30193E-01  7.86115E-02  2.11322E-02  2.21981E-01  5.34994E+01
  0.93000000  5.69567E+00  9.93532E-01 -4.43780E-02  5.25338E-02  6.28735E-01  7.78255E-02  2.08205E-02  2.22422E-01  5.43355E+01
  0.93100000  5.70801E+00  9.93529E-01 -4.44073E-02  5.20451E-02  6.27247E-01  7.70397E-02  2.05110E-02  2.22884E-01  5.51926E+01
  0.93200000  5.72039E+00  9.93527E-01 -4.44365E-02  5.15583E-02  6.25729E-01  7.62542E-02  2.02039E-02  2.23366E-01  5.60715E+01
  0.93300000  5.73281E+00  9.93525E-01 -4.44656E-02  5.10736E-02  6.24181E-01  7.54689E-02  1.98996E-02  2.23864E-01  5.69729E+01
  0.93400000  5.74527E+00  9.93523E-01 -4.44945E-02  5.05907E-02  6.22600E-01  7.46840E-02  1.95984E-02  2.24373E-01  5.78977E+01
  0.93500000  5.75777E+00  9.93520E-01 -4.45234E-02  5.01096E-02  6.20988E-01  7.38994E-02  1.93007E-02  2.24891E-01  5.88468E+01
  0.93600000  5.77031E+00  9.93518E-01 -4.45521E-02  4.96303E-02  6.19343E-01  7.31150E-02  1.90069E-02  2.25412E-01  5.98209E+01
  0.93700000  5.78290E+00  9.93515E-01 -4.45807E-02  4.91525E-02  6.17664E-01  7.23309E-02  1.87174E-02  2.25935E-01  6.08211E+01
  0.93800000  5.79553E+00  9.93513E-01 -4.46092E-02  4.86762E-02  6.15951E-01  7.15471E-02  1.84326E-02  2.26454E-01  6.18483E+01
  0.93900000  5.80820E+00  9.93511E-01 -4.46376E-02  4.82014E-02  6.14203E-01  7.07636E-02  1.81528E-02  2.26966E-01  6.29036E+01
  0.94000000  5.82092E+00  9.93509E-01 -4.46659E-02  4.77279E-02  6.12420E-01  6.99803E-02  1.78785E-02  2.27467E-01  6.39880E+01
  0.94100000  5.83368E+00  9.93507E-01 -4.46941E-02  4.72556E-02  6.10600E-01  6.91974E-02  1.76099E-02  2.27956E-01  6.51027E+01
  0.94200000  5.84649E+00  9.93505E-01 -4.47222E-02  4.67844E-02  6.08744E-01  6.84146E-02  1.73462E-02  2.28434E-01  6.62488E+01
  0.94300000  5.85933E+00  9.93502E-01 -4.47502E-02  4.63143E-02  6.06850E-01  6.76322E-02  1.70865E-02  2.28906E-01  6.74277E+01
  0.94400000  5.87223E+00  9.93501E-01 -4.47780E-02  4.58451E-02  6.04917E-01  6.68500E-02  1.68300E-02  2.29377E-01  6.86407E+01
  0.94500000  5.88516E+00  9.93499E-01 -4.48058E-02  4.53768E-02  6.02946E-01  6.60680E-02  1.65756E-02  2.29850E-01  6.98891E+01
  0.94600000  5.89814E+00  9.93497E-01 -4.48334E-02  4.49093E-02  6.00936E-01  6.52863E-02  1.63226E-02  2.30330E-01  7.11745E+01
  0.94700000  5.91116E+00  9.93495E-01 -4.48610E-02  4.44423E-02  5.98885E-01  6.45049E-02  1.60699E-02  2.30822E-01  7.24985E+01
  0.94800000  5.92423E+00  9.93493E-01 -4.48885E-02  4.39760E-02  5.96793E-01  6.37236E-02  1.58165E-02  2.31328E-01  7.38625E+01
  0.94900000  5.93733E+00  9.93491E-01 -4.49158E-02  4.35101E-02  5.94659E-01  6.29426E-02  1.55616E-02  2.31854E-01  7.52685E+01
  0.95000000  5.95048E+00  9.93489E-01 -4.49431E-02  4.30445E-02  5.92484E-01  6.21619E-02  1.53043E-02  2.32403E-01  7.67182E+01
  0.95100000  5.96367E+00  9.93487E-01 -4.49703E-02  4.25792E-02  5.90265E-01  6.13813E-02  1.50436E-02  2.32979E-01  7.82136E+01
  0.95200000  5.97690E+00  9.93486E-01 -4.49973E-02  4.21140E-02  5.88003E-01  6.06010E-02  1.47798E-02  2.33579E-01  7.97567E+01
  0.95300000  5.99017E+00  9.93483E-01 -4.50243E-02  4.16488E-02  5.85696E-01  5.98209E-02  1.45130E-02  2.34201E-01  8.13496E+01
  0.95400000  6.00348E+00  9.93481E-01 -4.50512E-02  4.11836E-02  5.83345E-01  5.90410E-02  1.42436E-02  2.34841E-01  8.29948E+01
  0.95500000  6.01682E+00  9.93480E-01 -4.50780E-02  4.07182E-02  5.80948E-01  5.82613E-02  1.39718E-02  2.35496E-01  8.46945E+01
  0.95600000  6.03019E+00  9.93478E-01 -4.51048E-02  4.02526E-02  5.78504E-01  5.74817E-02  1.36979E-02  2.36163E-01  8.64514E+01
  0.95700000  6.04360E+00  9.93477E-01 -4.51314E-02  3.97865E-02  5.76014E-01  5.67024E-02  1.34221E-02  2.36839E-01  8.82682E+01
  0.95800000  6.05704E+00  9.93475E-01 -4.51579E-02  3.93200E-02  5.73475E-01  5.59233E-02  1.31448E-02  2.37520E-01  9.01478E+01
  0.95900000  6.07051E+00  9.93473E-01 -4.51844E-02  3.88529E-02  5.70889E-01  5.51443E-02  1.28663E-02  2.38204E-01  9.20933E+01
  0.96000000  6.08401E+00  9.93471E-01 -4.52108E-02  3.83852E-02  5.68253E-01  5.43655E-02  1.25868E-02  2.38888E-01  9.41079E+01
  0.96100000  6.09753E+00  9.93470E-01 -4.52371E-02  3.79166E-02  5.65568E-01  5.35869E-02  1.23064E-02  2.39568E-01  9.61953E+01
  0.96200000  6.11108E+00  9.93469E-01 -4.52633E-02  3.74472E-02  5.62832E-01  5.28085E-02  1.20248E-02  2.40243E-01  9.83591E+01
  0.96300000  6.12465E+00  9.93467E-01 -4.52895E-02  3.69767E-02  5.60046E-01  5.20302E-02  1.17414E-02  2.40909E-01  1.00603E+02
  0.96400000  6.13823E+00  9.93465E-01 -4.53155E-02  3.65051E-02  5.57208E-01  5.12521E-02  1.14556E-02  2.41567E-01  1.02932E+02
  0.96500000  6.15184E+00  9.93464E-01 -4.53415E-02  3.60323E-02  5.54317E-01  5.04741E-02  1.11669E-02  2.42213E-01  1.05350E+02
  0.96600000  6.16545E+00  9.93462E-01 -4.53675E-02  3.55582E-02  5.51374E-01  4.96963E-02  1.08748E-02  2.42845E-01  1.07862E+02
  0.96700000  6.17908E+00  9.93461E-01 -4.53933E-02  3.50826E-02  5.48376E-01  4.89186E-02  1.05786E-02  2.43462E-01  1.10474E+02
  0.96800000  6.19271E+00  9.93460E-01 -4.54191E-02  3.46055E-02  5.45325E-01  4.81411E-02  1.02778E-02  2.44062E-01  1.13190E+02
  0.96900000  6.20635E+00  9.93458E-01 -4.54448E-02  3.41267E-02  5.42219E-01  4.73637E-02  9.97192E-03  2.44642E-01  1.16018E+02
  0.97000000  6.21999E+00  9.93456E-01 -4.54705E-02  3.36462E-02  5.39057E-01  4.65865E-02  9.66025E-03  2.45201E-01  1.18963E+02
  0.97100000  6.23363E+00  9.93455E-01 -4.54960E-02  3.31638E-02  5.35839E-01  4.58094E-02  9.34242E-03  2.45738E-01  1.22032E+02
  0.97200000  6.24728E+00  9.93454E-01 -4.55216E-02  3.26793E-02  5.32564E-01  4.50324E-02  9.01867E-03  2.46256E-01  1.25233E+02
  0.97300000  6.26093E+00  9.93453E-01 -4.55470E-02  3.21928E-02  5.29232E-01  4.42555E-02  8.68939E-03  2.46759E-01  1.28574E+02
  0.97400000  6.27460E+00  9.93451E-01 -4.55724E-02  3.17040E-02  5.25840E-01  4.34788E-02  8.35498E-03  2.47250E-01  1.32064E+02
  0.97500000  6.28828E+00  9.93450E-01 -4.55978E-02  3.12129E-02  5.22389E-01  4.27022E-02  8.01583E-03  2.47735E-01  1.35712E+02
  0.97600000  6.30199E+00  9.93449E-01 -4.56230E-02  3.07194E-02  5.18878E-01  4.19257E-02  7.67235E-03  2.48217E-01  1.39528E+02
  0.97700000  6.31572E+00  9.93448E-01 -4.56483E-02  3.02233E-02  5.15306E-01  4.11493E-02  7.32495E-03  2.48700E-01  1.43523E+02
  0.97800000  6.32948E+00  9.93447E-01 -4.56734E-02  2.97245E-02  5.11672E-01  4.03730E-02  6.97403E-03  2.49189E-01  1.47711E+02
  0.97900000  6.34327E+00  9.93446E-01 -4.56986E-02  2.92229E-02  5.07976E-01  3.95967E-02  6.61999E-03  2.49687E-01  1.52102E+02
  0.98000000  6.35711E+00  9.93444E-01 -4.57236E-02  2.87185E-02  5.04215E-01  3.88206E-02  6.26327E-03  2.50198E-01  1.56713E+02
  0.98100000  6.37099E+00  9.93444E-01 -4.57487E-02  2.82110E-02  5.00391E-01  3.80446E-02  5.90436E-03  2.50725E-01  1.61558E+02
  0.98200000  6.38492E+00  9.93443E-01 -4.57737E-02  2.77003E-02  4.96502E-01  3.72687E-02  5.54417E-03  2.51263E-01  1.66654E+02
  0.98300000  6.39892E+00  9.93442E-01 -4.57986E-02  2.71865E-02  4.92549E-01  3.64928E-02  5.18370E-03  2.51803E-01  1.72021E+02
  0.98400000  6.41297E+00  9.93441E-01 -4.58235E-02  2.66693E-02  4.88531E-01  3.57170E-02  4.82398E-03  2.52341E-01  1.77679E+02
  0.98500000  6.42711E+00  9.93440E-01 -4.58483E-02  2.61486E-02  4.84448E-01  3.49413E-02  4.46602E-03  2.52867E-01  1.83650E+02
  0.98600000  6.44132E+00  9.93439E-01 -4.58732E-02  2.56243E-02  4.80301E-01  3.41656E-02  4.11084E-03  2.53376E-01  1.89960E+02
  0.98700000  6.45563E+00  9.93438E-01 -4.58979E-02  2.50963E-02  4.76089E-01  3.33900E-02  3.75948E-03  2.53860E-01  1.96635E+02
  0.98800000  6.47003E+00  9.93437E-01 -4.59227E-02  2.45645E-02  4.71812E-01  3.26145E-02  3.41298E-03  2.54313E-01  2.03707E+02
  0.98900000  6.48455E+00  9.93436E-01 -4.59474E-02  2.40288E-02  4.67470E-01  3.18390E-02  3.07237E-03  2.54728E-01  2.11209E+02
  0.99000000  6.49917E+00  9.93436E-01 -4.59721E-02  2.34890E-02  4.63063E-01  3.10636E-02  2.73872E-03  2.55097E-01  2.19179E+02
  0.99100000  6.51392E+00  9.93435E-01 -4.59967E-02  2.29450E-02  4.58591E-01  3.02882E-02  2.41305E-03  2.55414E-01  2.27659E+02
  0.99200000  6.52879E+00  9.93435E-01 -4.60213E-02  2.23968E-02  4.54053E-01  2.95129E-02  2.09633E-03  2.55674E-01  2.36696E+02
  0.99300000  6.54380E+00  9.93434E-01 -4.60459E-02  2.18444E-02  4.49450E-01  2.87375E-02  1.78952E-03  2.55872E-01  2.46343E+02
  0.99400000  6.55896E+00  9.93434E-01 -4.60705E-02  2.12875E-02  4.44782E-01  2.79623E-02  1.49356E-03  2.56004E-01  2.56659E+02
  0.99500000  6.57427E+00  9.93434E-01 -4.60950E-02  2.07256E-02  4.40047E-01  2.71870E-02  1.20941E-03  2.56063E-01  2.67711E+02
  0.99600000  6.58974E+00  9.93434E-01 -4.61196E-02  2.01583E-02  4.35246E-01  2.64118E-02  9.38055E-04  2.56045E-01  2.79574E+02
  0.99700000  6.60537E+00  9.93434E-01 -4.61441E-02  1.95866E-02  4.30379E-01  2.56366E-02  6.80454E-04  2.55944E-01  2.92336E+02
  0.99800000  6.62118E+00  9.93435E-01 -4.61685E-02  1.90116E-02  4.25445E-01  2.48613E-02  5.12551E-04  2.55757E-01  3.06094E+02
  0.99900000  6.63718E+00  9.93438E-01 -4.61927E-02  1.84342E-02  4.20444E-01  2.40861E-02  5.12551E-04  2.55476E-01  3.20962E+02
  1.00000000  6.65336E+00  9.93443E-01 -4.62167E-02  1.78553E-02  4.15376E-01  2.33109E-02  5.12551E-04  2.55097E-01  3.37068E+02

  wrdump: have written fs00000
mcnt2=          64
nbdim=     3132864
nbidim=       55944
nbxdim=    56000
iPE =  0 n =     1     1 lmaxPE =   8
iPE =  0 mj_br =   0 mj_inc =1001 mj_st =   0 mj_dl =1001

bet0 =   1.5649E-02   betf0_f =   3.0000E-02
eps = <a>/<R> =   4.6257E-01   S = tau_R/tau_A =   5.0000E+06
betfc =   3.6568E-02   betfc_f =   6.2322E-02

vfova2 =   5.1521E-02
nfeq =   9.9696E-01

energy:numrun=00000,numruno=0000z,nstep=       100,time= 2.00000E+02,dt= 2.00000E+00

   l   m/  n        ke        me     vprlf     gamke     gamme    gamvpr
   4   1   1 2.533-280 4.784-278 2.839-279 3.170E-02 3.220E-02 2.586E-02
   3   2   1 6.107-279 2.800-277 4.444-278 3.635E-02 3.558E-02 3.409E-02
   2   3   1 1.373-276 6.607-277 1.432-277 3.675E-02 3.193E-02 3.033E-02
   1   4   1 9.358-277 1.042-276 1.962-277 2.069E-02 2.303E-02 2.418E-02

energy:numrun=00000,numruno=0000z,nstep=       200,time= 4.00000E+02,dt= 2.00000E+00

   l   m/  n        ke        me     vprlf     gamke     gamme    gamvpr
   4   1   1 9.785-274 1.754-271 4.121-273 3.883E-02 3.884E-02 3.900E-02
   3   2   1 2.774-272 1.209-270 1.777-271 3.887E-02 3.885E-02 3.886E-02
   2   3   1 6.667-270 2.772-270 4.767-271 3.887E-02 3.887E-02 3.884E-02
   1   4   1 8.652-272 1.678-270 2.502-271 3.930E-02 3.887E-02 3.911E-02

energy:numrun=00000,numruno=0000z,nstep=       300,time= 6.00000E+02,dt= 2.00000E+00

   l   m/  n        ke        me     vprlf     gamke     gamme    gamvpr
   4   1   1 5.577-267 1.000-264 2.376-266 3.881E-02 3.881E-02 3.881E-02
   3   2   1 1.589-265 6.927-264 1.017-264 3.881E-02 3.881E-02 3.881E-02
   2   3   1 3.815-263 1.577-263 2.713-264 3.881E-02 3.881E-02 3.881E-02
   1   4   1 4.369-265 9.398-264 1.432-264 3.879E-02 3.881E-02 3.881E-02

energy:numrun=00000,numruno=0000z,nstep=       400,time= 8.00000E+02,dt= 2.00000E+00

   l   m/  n        ke        me     vprlf     gamke     gamme    gamvpr
   4   1   1 3.181-260 5.706-258 1.355-259 3.881E-02 3.881E-02 3.881E-02
   3   2   1 9.062-259 3.951-257 5.798-258 3.881E-02 3.881E-02 3.881E-02
   2   3   1 2.176-256 8.995-257 1.547-257 3.881E-02 3.881E-02 3.881E-02
   1   4   1 2.502-258 5.364-257 8.171-258 3.881E-02 3.881E-02 3.881E-02

energy:numrun=00000,numruno=0000z,nstep=       500,time= 1.00000E+03,dt= 2.00000E+00

   l   m/  n        ke        me     vprlf     gamke     gamme    gamvpr
   4   1   1 1.814-253 3.255-251 7.727-253 3.881E-02 3.881E-02 3.881E-02
   3   2   1 5.169-252 2.253-250 3.307-251 3.881E-02 3.881E-02 3.881E-02
   2   3   1 1.241-249 5.131-250 8.826-251 3.881E-02 3.881E-02 3.881E-02
   1   4   1 1.427-251 3.059-250 4.660-251 3.881E-02 3.881E-02 3.881E-02

energy:numrun=00000,numruno=0000z,nstep=       600,time= 1.20000E+03,dt= 2.00000E+00

   l   m/  n        ke        me     vprlf     gamke     gamme    gamvpr
   4   1   1 1.035-246 1.856-244 4.407-246 3.881E-02 3.881E-02 3.881E-02
   3   2   1 2.948-245 1.285-243 1.886-244 3.881E-02 3.881E-02 3.881E-02
   2   3   1 7.079-243 2.926-243 5.034-244 3.881E-02 3.881E-02 3.881E-02
   1   4   1 8.138-245 1.745-243 2.658-244 3.881E-02 3.881E-02 3.881E-02

energy:numrun=00000,numruno=0000z,nstep=       700,time= 1.40000E+03,dt= 2.00000E+00

   l   m/  n        ke        me     vprlf     gamke     gamme    gamvpr
   4   1   1 5.902-240 1.059-237 2.514-239 3.881E-02 3.881E-02 3.881E-02
   3   2   1 1.682-238 7.331-237 1.076-237 3.881E-02 3.881E-02 3.881E-02
   2   3   1 4.038-236 1.669-236 2.871-237 3.881E-02 3.881E-02 3.881E-02
   1   4   1 4.642-238 9.953-237 1.516-237 3.881E-02 3.881E-02 3.881E-02

energy:numrun=00000,numruno=0000z,nstep=       800,time= 1.60000E+03,dt= 2.00000E+00

   l   m/  n        ke        me     vprlf     gamke     gamme    gamvpr
   4   1   1 3.367-233 6.039-231 1.434-232 3.881E-02 3.881E-02 3.881E-02
   3   2   1 9.591-232 4.181-230 6.136-231 3.881E-02 3.881E-02 3.881E-02
   2   3   1 2.303-229 9.520-230 1.638-230 3.881E-02 3.881E-02 3.881E-02
   1   4   1 2.647-231 5.677-230 8.648-231 3.881E-02 3.881E-02 3.881E-02

energy:numrun=00000,numruno=0000z,nstep=       900,time= 1.80000E+03,dt= 2.00000E+00

   l   m/  n        ke        me     vprlf     gamke     gamme    gamvpr
   4   1   1 1.920-226 3.444-224 8.178-226 3.881E-02 3.881E-02 3.881E-02
   3   2   1 5.470-225 2.385-223 3.500-224 3.881E-02 3.881E-02 3.881E-02
   2   3   1 1.314-222 5.430-223 9.341-224 3.881E-02 3.881E-02 3.881E-02
   1   4   1 1.510-224 3.238-223 4.932-224 3.881E-02 3.881E-02 3.881E-02

energy:numrun=00000,numruno=0000z,nstep=      1000,time= 2.00000E+03,dt= 2.00000E+00

   l   m/  n        ke        me     vprlf     gamke     gamme    gamvpr
   4   1   1 1.095-219 1.965-217 4.665-219 3.881E-02 3.881E-02 3.881E-02
   3   2   1 3.120-218 1.360-216 1.996-217 3.881E-02 3.881E-02 3.881E-02
   2   3   1 7.492-216 3.097-216 5.328-217 3.881E-02 3.881E-02 3.881E-02
   1   4   1 8.613-218 1.847-216 2.813-217 3.881E-02 3.881E-02 3.881E-02


 psi     : m=   1 n=   1 gam=  3.89148E-02 om_r=  3.31558E-02
 phi     : m=   1 n=   1 gam=  3.89148E-02 om_r=  3.31558E-02
 pr      : m=   1 n=   1 gam=  3.89148E-02 om_r=  3.31558E-02
 nfast   : m=   1 n=   1 gam=  3.89148E-02 om_r=  3.31558E-02
 vfast   : m=   1 n=   1 gam=  3.89148E-02 om_r=  3.31558E-02
 vthfast : m=   1 n=   1 gam=  3.89148E-02 om_r=  3.31558E-02
 psi     : m=   2 n=   1 gam=  3.89148E-02 om_r=  3.31558E-02
 phi     : m=   2 n=   1 gam=  3.89148E-02 om_r=  3.31558E-02
 pr      : m=   2 n=   1 gam=  3.89148E-02 om_r=  3.31558E-02
 nfast   : m=   2 n=   1 gam=  3.89148E-02 om_r=  3.31558E-02
 vfast   : m=   2 n=   1 gam=  3.89148E-02 om_r=  3.31558E-02
 vthfast : m=   2 n=   1 gam=  3.89148E-02 om_r=  3.31558E-02
 psi     : m=   3 n=   1 gam=  3.89148E-02 om_r=  3.31558E-02
 phi     : m=   3 n=   1 gam=  3.89148E-02 om_r=  3.31558E-02
 pr      : m=   3 n=   1 gam=  3.89148E-02 om_r=  3.31558E-02
 nfast   : m=   3 n=   1 gam=  3.89148E-02 om_r=  3.31558E-02
 vfast   : m=   3 n=   1 gam=  3.89148E-02 om_r=  3.31558E-02
 vthfast : m=   3 n=   1 gam=  3.89148E-02 om_r=  3.31558E-02
 psi     : m=   4 n=   1 gam=  3.89148E-02 om_r=  3.31558E-02
 phi     : m=   4 n=   1 gam=  3.89148E-02 om_r=  3.31558E-02
 pr      : m=   4 n=   1 gam=  3.89148E-02 om_r=  3.31558E-02
 nfast   : m=   4 n=   1 gam=  3.89148E-02 om_r=  3.31558E-02
 vfast   : m=   4 n=   1 gam=  3.89148E-02 om_r=  3.31558E-02
 vthfast : m=   4 n=   1 gam=  3.89148E-02 om_r=  3.31558E-02

  wrdump: have written fs0000z

 time = 21:34:41       date = 09/09/2026

 elapsed time:   0 hours  3 minutes 10 seconds
